:020000040800F2
:100000001039002061020008093000081B23000895
:10001000053000081F050008AD4000080000000082
:10002000000000000000000000000000C9010008FE
:1000300025050008000000000D020008633D0008CF
:100040007B020008453C00087B0200087B02000898
:100050007B0200087B0200087B0200087B0200088C
:100060007B0200087B0200084B0500087B020008A9
:100070007B0200087B0200087B0200087B0200086C
:100080007B0200087B0200087B0200087B0200085C
:100090007B0200087B0200087B020008550500086F
:1000A0007B020008E13D00087B0200087B0200089B
:1000B0007B020008F13D00087B0200087B0200087B
:1000C0007B0200087B0200087B0200087B0200081C
:1000D0007B0200087B0200087B0200087B0200080C
:1000E000270500087B0200087B02000800F002F8E8
:1000F00000F05AF80AA090E8000C82448344AAF168
:100100000107DA4501D100F04FF8AFF2090EBAE865
:100110000F0013F0010F18BFFB1A43F0010318473B
:1001200048B0000068B000000A444FF0000C10F81E
:10013000013B13F0070408BF10F8014B1D1108BF65
:1001400010F8015B641E05D010F8016B641E01F805
:10015000016BF9D113F0080F1EBF10F8014BAD1C55
:100160000C1B09D16D1E58BF01F801CBFAD505E073
:1001700014F8016B01F8016B6D1EF9D59142D6D3CD
:10018000704700000023002400250026103A28BFF5
:1001900078C1FBD8520728BF30C148BF0B607047F9
:1001A0001FB51FBD10B510BD00F084F91146FFF753
:1001B000F7FF05F0E7F900F0A2F903B4FFF7F2FF4B
:1001C00003BC00F0A5F90000224B19680868B0E8EC
:1001D000F00F80F30988BFF36F8F4FF0000080F3BA
:1001E00011884EF00D0E70470000000006480068B0
:1001F000006880F3088862B661B6BFF34F8FBFF323
:100200006F8F00DF00BF00BF08ED00E0EFF3098053
:10021000BFF36F8F0F4B1A6820E9F00F106008B51D
:100220004FF0500080F31188BFF34F8FBFF36F8FF3
:1002300007F0AAFD4FF0000080F31188BDE80840E8
:1002400019680868B0E8F00F80F30988BFF36F8F72
:10025000704700BF44010020EFF3058070470000A5
:100260000948804709480047FEE7FEE7FEE7FEE74A
:10027000FEE7FEE7FEE7FEE7FEE7FEE70448054986
:10028000054A064B70470000DF3D0008ED000008FE
:1002900010330020103900201035002010350020C8
:1002A00040EA010310B59B070FD1042A0DD310C8F3
:1002B00008C9121F9C42F8D020BA19BA884201D945
:1002C000012010BD4FF0FF3010BD1AB1D30703D08D
:1002D000521C07E0002010BD10F8013B11F8014B43
:1002E0001B1B07D110F8013B11F8014B1B1B01D15F
:1002F000921EF1D1184610BD032A40F2308010F052
:10030000030C00F0158011F8013BBCF1020F6244B0
:1003100098BF11F801CB00F8013B38BF11F8013B41
:10032000A2F1040298BF00F801CB38BF00F8013BEE
:1003300011F0030300F06280083AC0F0088051F821
:10034000043B083A51F804CBA0E80810F5E7121D69
:100350005CBF51F8043B40F8043BAFF30080D20788
:1003600024BF11F8013B11F801CB48BF11F8012B54
:1003700024BF00F8013B00F801CB48BF00F8012B77
:10038000704702F0FF0343EA032242EA024200F010
:1003900069B84FF0000200B51346944696462039DE
:1003A00022BFA0E80C50A0E80C50B1F12001BFF42E
:1003B000F7AF090728BFA0E80C5048BF0CC05DF894
:1003C00004EB890028BF40F8042B08BF704748BFE2
:1003D00020F8022B11F0804F18BF00F8012B704756
:1003E00070477047704710B500F05CF8006810BDAA
:1003F00010B5044600F056F8046010BD10B5203A60
:10040000C0F00B80B1E81850203AA0E81850B1E8CD
:100410001850A0E81850BFF4F5AF5FEA027C24BF83
:10042000B1E81850A0E8185044BF18C918C0BDE87A
:1004300010405FEA827C24BF51F8043B40F8043B43
:1004400008BF7047D20728BF31F8023B48BF11F8F8
:10045000012B28BF20F8023B48BF00F8012B704752
:100460004FF000020429C0F0128010F0030C3FF49A
:1004700092AFCCF1040CBCF1020F18BF00F8012BB5
:10048000A8BF20F8022BA1EB0C01FFF784BF5FEAA5
:10049000C17C24BF00F8012B00F8012B48BF00F8F5
:1004A000012B704700487047B03200200048704769
:1004B000B03200207546FFF7F9FFAE4605006946E9
:1004C000534620F00700854618B020B5FFF7D6FE4A
:1004D000BDE820404FF000064FF000074FF0000845
:1004E0004FF0000B21F00701AC46ACE8C009ACE8C6
:1004F000C009ACE8C009ACE8C0098D46704710B52A
:100500000446AFF300802046BDE81040FFF755BE1B
:1005100001491820ABBEFEE726000200704700BF6D
:10052000FEE77047704710B54FF4806000F0A8F800
:100530004FF4006000F0A4F84FF4805000F0A0F8F1
:100540004FF4005000F09CF810BD10B5102000F0E2
:1005500097F810BD10B5202000F092F8402000F070
:100560008FF8802000F08CF810BD2DE9F05F8046F8
:10057000894615461C464946404600F01FFA824609
:100580002946404600F01AFA83464BEA4A00C6B2B2
:10059000207A46EA8000C7B20F2F17D2DFE807F0B3
:1005A00016080F16121616090B16161016110A0049
:1005B00000BF00BF00BF2068401C206007E000BFF4
:1005C00000BF00BF2068401E206000E000BF00BFE9
:1005D0002672BDE8F09F72B600BFFEE770B5044614
:1005E00000F0FAF906462546681C10B10448007868
:1005F000054400BF00F0F0F9801BA842FAD370BD9B
:100600003C01002010B50446102C01D0202C05D14F
:10061000154B202210211548FFF7A7FF402C01D0D1
:10062000802C05D1124B802240211048FFF79DFFFE
:10063000B4F5806F02D0B4F5006F06D10D4B4FF4C6
:10064000006251100C48FFF790FFB4F5805F02D0B4
:10065000B4F5005F06D1094B4FF400525110064823
:10066000FFF783FF10BD0000E001002000080140FB
:10067000EC010020F8010020000C014004020020E1
:1006800010B5044604480068204020B102480460C8
:100690002046FFF7B7FF10BD140401402DE9F847CD
:1006A0000346002294466EE14FF0010808FA02F476
:1006B000D1F8008008EA0400A0427DD1DFF8DCA276
:1006C000D1F80480A8EB0A09D0453AD014DCB8F17F
:1006D000030F50D009DCB8F1000F31D0B8F1010F91
:1006E0001CD0B8F1020F49D120E0B8F1110F18D099
:1006F000B8F1120F42D11EE0B9F5881F25D006DCF3
:10070000B9F5803F20D0B9F5801F37D11AE0B9F58F
:10071000001F18D0B9F5041F30D117E0D1F80CC074
:100720002DE0D1F80C8008F1040C28E0D1F80C8001
:1007300008F1080C23E0D1F80C8008F10C0C1EE045
:1007400000BF00BF00BF00BF00BF00BFD1F80880DE
:10075000B8F1000F02D14FF0040C0BE0D1F8088083
:10076000B8F1010F03D14FF0080C1C6102E04FF00B
:10077000080C5C6103E04FF0000C00E000BF00BF1C
:10078000FF2801D8984601E003F104084646FF28F7
:1007900002D84FEA820803E0A2F108084FEA88086D
:1007A0004746D6F800804FF00F0909FA07F928EA02
:1007B00009080CFA07F900E088E048EA0908C6F8D9
:1007C0000080D1F8048008F08058B8F1805F7DD1B6
:1007D00000BFDFF8CC81D8F8188048F00108DFF8B6
:1007E000C091C9F81880C846D8F8188008F00108E8
:1007F000CDF8008000BF00BF4FEAB9384FEA920938
:1008000058F829504FEA82784FEA18794FF00F08CC
:1008100008FA09F825EA0805DFF88881434502D17E
:100820004FF0000816E0DFF88081434502D14FF019
:1008300001080FE0DFF87481434502D14FF0020850
:1008400008E0DFF86C81434502D14FF0030801E076
:100850004FF004084FEA82794FEA197908FA09F84B
:1008600048EA0505DFF84C814FEA920948F829501B
:10087000D1F8048008F48018B8F5801F0AD1DFF899
:100880003881D8F8008048EA0008DFF82C91C9F8D0
:10089000008009E0DFF82081D8F8008028EA00080D
:1008A000DFF81491C9F80080D1F8048008F400182A
:1008B000B8F5001F10D1DFF8008108F10408D8F85E
:1008C000008048EA0008DFF8F09000E05AE009F103
:1008D0000409C9F800800DE0DFF8DC8008F10408A5
:1008E000D8F8008028EA0008DFF8CC9009F1040964
:1008F000C9F80080D1F8048008F40038B8F5003F4A
:100900000ED1DFF8B480A8F10408D8F8008048EAD6
:100910000008DFF8A490A9F10409C9F800800DE0EF
:10092000DFF89480A8F10408D8F8008028EA0008CD
:10093000DFF88490A9F10409C9F80080D1F8048097
:1009400008F48038B8F5803F0ED1DFF86C80A8F14C
:100950000808D8F8008048EA0008DFF85C90A9F1A0
:100960000809C9F800800DE0DFF84C80A8F10808FC
:10097000D8F8008028EA0008DFF83C90A9F10809BF
:10098000C9F80080521CD1F8008028FA02F8B8F1AA
:10099000000F7FF489AEBDE8F88700000000111059
:1009A0000010024000080140000C0140001001400E
:1009B0000014014008000140080401400246936809
:1009C0000B400BB1012000E0002070470AB101612B
:1009D00001E00B04036170470148006870470000A4
:1009E0003401002070B504460CB9012070BD94F8A4
:1009F0003D0028B9002084F83C00204600F046FB6A
:100A0000242084F83D002068006820F0010021685F
:100A100008602068006840F4004021680860206891
:100A2000006820F400402168086000F07FFD054662
:100A30005C496068884206D85B48854201D2012043
:100A400007E0002005E05948854201D2012000E07E
:100A50000020012800D1C9E75548B5FBF0F6206811
:100A6000406820F03F003043216848604D4960688D
:100A7000884201D8701C07E04FF4967070434FF421
:100A80007A71B0FBF1F0401C2168096A21F03F0146
:100A900008432168086243496068884214D8681E88
:100AA00061684900B0FBF1F0401CC0F30B00042862
:100AB00001D204203DE0681E61684900B0FBF1F0FE
:100AC000401CC0F30B0034E0A06838B9681E6168B0
:100AD00001EB4101B0FBF1F0401C0AE0681E6168C7
:100AE00001EBC10202EB0111B0FBF1F0401C40F43C
:100AF0008040C0F30B0008B901201AE0A06848B993
:100B0000681E616801EB4101B0FBF1F0401CC0F3CD
:100B10000B000CE0681E616801EBC10202EB0111E1
:100B2000B0FBF1F0401CC0F30B0040F4804040F4F7
:100B300000402168C9694CF6FF729143084321685F
:100B4000C861D4E9070108432168096821F0C001A0
:100B5000084321680860D4E90310084321688968C4
:100B600048F2FF329143084321688860D4E90501C7
:100B700008432168C96821F0FF0108432168C86063
:100B80002068006840F001002168086000202064AF
:100B9000202084F83D000020206384F83E0000BF40
:100BA00024E70000A086010080841E0000093D00AB
:100BB00040420F002DE9FE4F04460F4690469946ED
:100BC000DDE90CAB0E9E00200290FFF705FF054605
:100BD00094F83D00202872D119230122CE492046E5
:100BE000009501F00EFD10B10220BDE8FE8F00BFA0
:100BF00094F83C00012801D10220F6E7012084F896
:100C00003C0000BF2068006800F0010028B920689F
:100C1000006840F00100216808602068006820F446
:100C2000006021680860222084F83D00402084F89C
:100C30003E0000202064C4F824A0A4F82AB0608DEF
:100C40002085B648E0624B46424639462046CDE90B
:100C5000006501F083FB08B10120C6E7208D88B94B
:100C600000BF0020019020684069019020688069E1
:100C7000019000BF00BF2068006840F40070216848
:100C800008604BE0208D01281AD12068006820F40C
:100C900080602168086072B600BF00200190206863
:100CA0004069019020688069019000BF00BF206802
:100CB000006840F400702168086062B62EE029E107
:100CC000208D022819D12068006840F40060216856
:100CD000086072B600BF0020019020684069019052
:100CE00020688069019000BF00BF2068006820F480
:100CF00080602168086062B610E02068006840F4F7
:100D000080602168086000BF002001902068406971
:100D1000019020688069019000BF00BFEBE0208D4A
:100D200003287DD8208D012815D12A46314620463A
:100D300001F043FD08B1012057E720680069616AAE
:100D40000870606A401C6062208D401E2085608DA6
:100D5000401E6085CFE0208D02282CD13346002232
:100D60006F492046009501F04CFC08B101203CE79A
:100D700072B62068006840F400702168086020683E
:100D80000069616A0870606A401C6062208D401EC4
:100D90002085608D401E608562B620680069616AAA
:100DA0000870606A401C6062208D401E2085608D46
:100DB000401E60859FE03346002259492046009539
:100DC00001F01FFC08B101200FE72068006820F443
:100DD00080602168086072B620680069616A0870E6
:100DE000606A401C6062208D401E2085608D401E20
:100DF00060854C4800681921B0FBF1F04FF47A711E
:100E0000B0FBF1F0C0EBC00000EB8000029000BF2F
:100E10000298401E02900298A8B90020206300E0CA
:100E200039E0202084F83D00002084F83E00206C4A
:100E300040F02000206462B600BF002084F83C002F
:100E400000BF0120D1E620684069C0F3800000287F
:100E5000DED02068006840F40070216808602068D7
:100E60000069616A0870606A401C6062208D401EE3
:100E70002085608D401E608562B620680069616AC9
:100E80000870606A401C6062208D401E2085608D65
:100E9000401E60852FE02A463146204601F08DFC39
:100EA00008B10120A1E620680069616A0870606AE3
:100EB000401C6062208D401E2085608D401E608534
:100EC00020684069C0F38000A8B1208D032805D1B7
:100ED0002068006820F4806021680860206800694C
:100EE000616A0870606A401C6062208D401E208527
:100EF000608D401E6085208D00287FF410AF20207B
:100F000084F83D00002084F83E0000BF84F83C00D7
:100F100000BF6AE6022068E6020010000000FFFF42
:100F200004000100400100202DE9FC5F04460F464B
:100F300090469946DDE90CAB0E9EFFF74DFD054648
:100F400094F83D0020287DD1192301224D492046E7
:100F5000009501F056FB10B10220BDE8FC9F00BFD8
:100F600094F83C00012801D10220F6E7012084F822
:100F70003C0000BF2068006800F0010028B920682C
:100F8000006840F00100216808602068006820F4D3
:100F9000006021680860212084F83D00402084F82A
:100FA0003E0000202064C4F824A0A4F82AB0608D7C
:100FB00020853548E0624B46424639462046CDE919
:100FC000006501F07BFA08B10120C6E731E02A464E
:100FD0003146204601F036FC50B1206C042805D182
:100FE0002068006840F40070216808600120B4E7C0
:100FF000606A007821680861606A401C6062208D28
:10100000401E2085608D401E608520684069C0F3C9
:10101000800070B1208D60B1606A0078216808613D
:10102000606A401C6062208D401E2085608D401EDD
:101030006085208D0028CAD12A463146204601F01D
:10104000ADFA00E01CE050B1206C042805D1206806
:10105000006840F400702168086001207DE7206886
:10106000006840F4007021680860202084F83D008A
:10107000002084F83E0000BF84F83C0000BF6CE70D
:1010800002206AE7020010000000FFFF10B586B0E2
:101090000446002002900390049005901A492068AD
:1010A00088422FD100BF1948806940F008001749D5
:1010B00088610846806900F00800019000BF00BF09
:1010C0004FF440700290122003900320059002A973
:1010D0000F48FFF7E3FA00BF0E49486840F0E060B0
:1010E00040F00200486000BF00BF0848C06940F4FB
:1010F00000100649C8610846C06900F4001001905C
:1011000000BF00BF06B010BD0054004000100240F8
:10111000000C0140000001400348006803490978C1
:101120000844014908607047340100203C01002058
:1011300010B50848006840F0100006490860032018
:1011400000F0E0F80F2000F007F800F055F800205C
:1011500010BD000000200240F0B587B00446002614
:101160000027002500BF1F48806940F400601D492A
:1011700088610846806900F40060009000BF00BFED
:1011800001A902A800F0AAF900F0E0F90646164805
:10119000B6FBF0F0471E15481549086040F2E731EC
:1011A0001348C1604760002101618160816100F0E6
:1011B0008BFC054695B90E4800F012FD05466DB949
:1011C000192000F051F8102C07D2002221461920D6
:1011D00000F05AF80748046000E00125284607B0EF
:1011E000F0BD00000010024040420F00002C014002
:1011F000940500203801002008B500BF1848806918
:1012000040F00100164988610846806900F001003D
:10121000009000BF00BF00BF0846C06940F080508A
:10122000C8610846C06900F08050009000BF00BF50
:1012300000220F21901E00F027F800220521012036
:1012400000F022F8012000F00FF800BF05494868BF
:1012500020F0E06040F00070486000BF08BD000072
:10126000001002400000014001460846002809DB4A
:1012700000F01F0301229A4043099B0003F1E02381
:10128000C3F8002100BF70472DE9F05F80460D468E
:101290001646002702F034FF074639462A463346F1
:1012A00001F00700C0F1070ABAF1040F02D94FF0AC
:1012B000040A01E0C0F1070AD14600F1040ABAF1BC
:1012C000070F02D24FF0000A01E0A0F1030AD44652
:1012D0004FF0010A0AFA09FAAAF1010A0AEA020A17
:1012E0000AFA0CFA4FF0010B0BFA0CFBABF1010BF5
:1012F0000BEA030B4AEA0B042146404602F008FFC2
:10130000BDE8F09F00BF00F00702064B19684FF6DA
:10131000FF031940044B0B4343EA0221014B1960C0
:1013200000BF70470CED00E00000FA0570470000B8
:1013300010B50648006800F4803028B1FFF7F6FFCA
:101340004FF480300149086010BD000014040140D2
:1013500070B504460D460CB9012070BD5A480068AE
:1013600000F00700A8420ED25748006820F007009E
:101370002843554908600846006800F00700A84265
:1013800001D00120E9E7207800F0020002281DD1F9
:10139000207800F00400042805D14C48406840F44F
:1013A000E0604A494860207800F00800082805D12C
:1013B0004648406840F460504449486043484068AB
:1013C00020F0F000A168084340494860207800F010
:1013D000010078B36068012806D13C48006800F439
:1013E000003090B90120B8E76068022806D137487C
:1013F000006800F0007040B90120AEE73348006893
:1014000000F0020008B90120A7E73048406820F04A
:101410000300616808432D494860FFF7DDFA06467E
:1014200009E0FFF7D9FA801B41F28831884202D9DE
:10143000032092E707E02548406800F00C0061684F
:10144000B0EB810FEDD12048006800F00700A84202
:101450000ED91D48006820F0070028431A4908608B
:101460000846006800F00700A84201D0012074E798
:10147000207800F00400042807D11448406820F4C4
:10148000E060E168084311494860207800F00800F6
:10149000082808D10D48406820F46050216940EACE
:1014A000C1000A49486000F061F808494968C1F381
:1014B0000311074A515CC8400649086006480068A5
:1014C000FFF74AFE002048E70020024000100240DB
:1014D00042AF000840010020380100200F220260C6
:1014E0000D4A526802F0030242600B4A526802F051
:1014F000F0028260084A526802F4E062C260064A62
:10150000526802F46052D2080261044A126802F082
:1015100007020A60704700000010024000200240ED
:1015200001480068704700004001002000B5FFF747
:10153000F7FF04494968C1F30221034A515CC840DE
:1015400000BD00000010024052AF000800B5FFF7D8
:10155000E7FF04494968C1F3C221034A515CC8400E
:1015600000BD00000010024052AF000870B500211D
:101570000022002400230020134D696801F00C05AF
:10158000F5B1042D02D0082D19D101E00F4819E062
:101590000F4DC1F38346AB5D01F4803555B10A4D63
:1015A0006D68C5F340450B4E725D084D5D43B5FB5C
:1015B000F2F402E0084D03FB05F4204602E000BF10
:1015C000024800BF00BF70BD0010024000127A0048
:1015D00030AF000840AF000800093D00F8B50446F0
:1015E0000CB90120F8BD207800F00100002878D067
:1015F000F848406800F00C0004280CD0F54840681A
:1016000000F00C00082811D1F248406800F4803046
:10161000B0F5803F0AD1EF48006800F400300028A0
:101620005FD0606800285CD10120DBE700BF606804
:10163000B0F5803F06D1E748006840F48030E549C6
:10164000086028E0606858B9E248006820F48030FB
:10165000E04908600846006820F4802008601AE02D
:101660006068B0F5A02F0BD1DA48006840F4802004
:10167000D84908600846006840F4803008600AE0F5
:10168000D448006820F48030D249086008460068D9
:1016900020F48020086000BF606888B1FFF79CF9E3
:1016A000054606E0FFF798F9401B642801D903209E
:1016B00098E7C848006800F400300028F2D010E035
:1016C000FFF78AF9054606E0FFF786F9401B642814
:1016D00001D9032086E7BF48006800F400300028E5
:1016E000F2D1207800F00200022857D1B9484068B2
:1016F00000F00C0050B1B748406800F00C0008281A
:1017000018D1B448406800F4803098B9B1480068F6
:1017100000F0020020B12069012801D0012061E71A
:10172000AC48006820F0F800616940EAC100A949AE
:10173000086033E02069E8B10120A7490860FFF79D
:101740004BF9054606E0FFF747F9401B022801D98F
:10175000032047E79F48006800F002000028F2D00D
:101760009C48006820F0F800616940EAC10099498E
:10177000086013E0002098490860FFF72DF905463E
:1017800006E0FFF729F9401B022801D9032029E7C9
:101790009048006800F002000028F2D1207800F0A4
:1017A000080008282DD1A069B8B101208B49086034
:1017B000FFF712F9054606E0FFF70EF9401B022875
:1017C00001D903200EE78348406A00F00200002898
:1017D000F2D0012002F0ACFA13E000207F4908604B
:1017E000FFF7FAF8054606E0FFF7F6F8401B022877
:1017F00001D90320F6E67748406A00F0020000288D
:10180000F2D1207800F00400042873D10027714839
:10181000C06900F0805070B900BF6E48C06940F0E8
:1018200080506C49C8610846C06900F08050009043
:1018300000BF00BF01276A48006800F48070B0B99B
:101840006748006840F4807065490860FFF7C4F895
:10185000054606E0FFF7C0F8401B642801D90320C5
:10186000C0E65F48006800F480700028F2D000BF36
:10187000E068012806D15748006A40F00100554948
:10188000086227E0E06858B95248006A20F0010079
:10189000504908620846006A20F00400086219E016
:1018A000E06805280BD14B48006A40F00400494924
:1018B00008620846006A40F0010008620AE04548F4
:1018C000006A20F00100434908620846006A20F0DF
:1018D0000400086200BFE068A0B1FFF77DF805468C
:1018E00009E0FFF779F8401B41F28831884202D9BC
:1018F000032077E622E03748006A00F00200002863
:10190000EFD012E0FFF768F8054608E0FFF764F84B
:10191000401B41F28831884201D9032062E62D48FC
:10192000006A00F002000028F0D1012F05D12948FB
:10193000C06920F080502749C86100BFE069C8B382
:101940002448406800F00C00082860D0E0690228B4
:1019500048D1002020490866FFF73EF8054606E01A
:10196000FFF73AF8401B022801D903203AE619484C
:10197000006800F000700028F2D1206AB0F5803FC6
:1019800007D11448406820F40030A1680843114989
:101990004860D4E9080108430E49496821F47411EC
:1019A00008430C49486001200B490866FFF714F80A
:1019B000054607E03DE0FFF70FF8401B022801D97C
:1019C00003200FE60348006800F000700028F2D002
:1019D0002FE000000010024000004242800442421A
:1019E00000700040002014490866FEF7F5FF054628
:1019F00006E0FEF7F1FF401B022801D90320F1E5C4
:101A00000E48006800F000700028F2D111E0E06993
:101A1000012800D1E6E50948466806F48031206ACD
:101A2000814204D106F47011606A814201D0012024
:101A3000D8E50020D6E50000000042420010024038
:101A40007047704730B502460B4600BF92F83C0025
:101A5000012801D1022030BD012082F83C0000BFE6
:101A6000022082F83D00106844681068816824F004
:101A700070041868044310684460104D1068A84250
:101A80000BD01068B0F1804F07D00D4D1068A84200
:101A900003D00C4D1068A84205D121F08001586890
:101AA000014310688160012082F83D0000BF0020E2
:101AB00082F83C0000BF00BFCDE70000002C0140D1
:101AC000000400400008004010B504460CB9012095
:101AD00010BD94F83D0028B9002084F83C00204651
:101AE00000F026F8022084F83D00211D206802F055
:101AF00087F9012084F8460000BF84F83E000121E8
:101B00003F200155402001554120015500BF00BF35
:101B1000012084F84200432001554420015545200E
:101B2000015500BF012084F83D000020D0E70000EF
:101B300038B504460D492068884215D100BF0C48CD
:101B4000C06940F002000A49C8610846C06900F057
:101B50000200009000BF00BF002205211D20FFF7FA
:101B600093FB1D20FFF780FB38BD00000004004000
:101B700000100240014691F83D00012801D00120EB
:101B80007047022081F83D00124B086898420BD044
:101B90000868B0F1804F07D00F4B0868984203D017
:101BA0000E4B086898420CD10868806800F0070264
:101BB000062A0CD00868006840F001000B68186025
:101BC00005E00868006840F001000B68186000201C
:101BD000D6E70000002C014000040040000800404F
:101BE000014691F83D00012801D0012070470220F4
:101BF00081F83D000868C06840F001000B68D860BB
:101C0000124B086898420BD00868B0F1804F07D09B
:101C10000F4B0868984203D00E4B086898420CD1CD
:101C20000868806800F00702062A0CD0086800687F
:101C300040F001000B68186005E00868006840F09B
:101C400001000B6818600020D0E70000002C014064
:101C500000040040000800402DE9F04104460D4614
:101C6000002700BF94F83C00012802D10220BDE803
:101C7000F081012084F83C0000BF022084F83D0080
:101C80002068866826F0770626F47F4620688660FE
:101C90002868502833D00CDC202850D004DC0028E1
:101CA0004BD0102851D149E0302849D040284CD1A0
:101CB00039E060282DD0702807D0B0F5805F03D0C0
:101CC000B0F5005F41D10DE041E0D5E902136A684B
:101CD000206802F0E8F82068866846F077062068F9
:101CE000866034E0D5E902136A68206802F0DBF808
:101CF0002068806840F480402168886027E0EA68B6
:101D00006968206802F0A0F95021206802F0D6F836
:101D10001DE0EA686968206802F0A9F9602120687E
:101D200002F0CCF813E0EA686968206802F08CF9E8
:101D30004021206802F0C2F809E000BF00BF00BFE8
:101D40002968206802F0BAF801E0012700BF00BF4F
:101D5000012084F83D0000BF002084F83C0000BF53
:101D6000384684E7704770B504462068C568206827
:101D7000066906F00200022819D105F002000228C7
:101D800015D1401F216808610120207720688069F3
:101D900000F0030018B12046FFF7E4FF05E02046FD
:101DA00000F0C2F8204600F08BF90020207706F002
:101DB0000400042819D105F00400042815D1C043FB
:101DC00021680861022020772068806900F4407053
:101DD00018B12046FFF7C6FF05E0204600F0A4F842
:101DE000204600F06DF90020207706F00800082852
:101DF00019D105F00800082815D1C04321680861F1
:101E0000042020772068C06900F0030018B1204644
:101E1000FFF7A8FF05E0204600F086F8204600F016
:101E20004FF90020207706F01000102819D105F096
:101E30001000102815D1C0432168086108202077C0
:101E40002068C06900F4407018B12046FFF78AFF8F
:101E500005E0204600F068F8204600F031F9002047
:101E6000207706F0010048B105F0010030B16FF0B5
:101E7000010021680861204600F08EF906F080001C
:101E8000802809D105F08000802805D1C043216851
:101E900008612046FFF7D4FD06F04000402809D134
:101EA00005F04000402805D1C04321680861204664
:101EB00000F032FA06F02000202809D105F02000B9
:101EC000202805D1C043216808612046FFF7B9FDED
:101ED00070BD000010B586B004460020029003904B
:101EE000049005902068B0F1804F16D100BF0C48D7
:101EF000806940F004000A4988610846806900F062
:101F00000400019000BF00BF0F2002900220039048
:101F1000059002A90348FEF7C1FB06B010BD000002
:101F2000001002400008014070472DE9F0410446CE
:101F30000D461646002700BF94F83C00012802D148
:101F40000220BDE8F081012084F83C0000BF36B1DA
:101F5000042E1BD0082E31D00C2E5ED145E0294630
:101F6000206801F0B5FF2068806940F00800216812
:101F700088612068806920F00400216888612068F9
:101F80008069296908432168886148E029462068FA
:101F900001F0CEFF2068806940F40060216888610C
:101FA0002068806920F480602168886120688069E9
:101FB000296940EA01202168886130E029462068CB
:101FC00001F0EAFF2068C06940F008002168C8619C
:101FD0002068C06920F004002168C8612068C069D9
:101FE000296908432168C86119E02946206802F080
:101FF00007F82068C06940F400602168C861206863
:10200000C06920F480602168C8612068C0692969BE
:1020100040EA01202168C86101E0012700BF00BF3C
:1020200000BF002084F83C0000BF384689E710B5A7
:1020300004460CB9012010BD94F83D0028B90020D9
:1020400084F83C00204600F025F8022084F83D008A
:10205000211D206801F0D4FE012084F8460000BF55
:1020600084F83E0001213F200155402001554120C8
:10207000015500BF00BF012084F8420043200155F4
:10208000442001554520015500BF012084F83D0042
:102090000020D0E708B50168B1F1804F0DD100BF35
:1020A0000649C96941F00101044AD1611146C96973
:1020B00001F00101009100BF00BF08BD0010024007
:1020C0007047000070B504460D4615B994F83E00FF
:1020D0000BE0042D02D13F20005D06E0082D02D167
:1020E0004020005D01E04120005D012801D0012079
:1020F00070BD1DB9022084F83E000EE0042D03D10E
:1021000002213F20015508E0082D03D10221402083
:10211000015502E002214120015501222946206893
:1021200001F0B0FE19492068884201D1012000E089
:10213000002028B12068406C40F4004021684864C9
:102140001249206888420BD02068B0F1804F07D038
:102150000F492068884203D00E49206888420CD17C
:102160002068806800F00706062E0CD02068006802
:1021700040F001002168086005E02068006840F038
:102180000100216808600020B2E70000002C014037
:10219000000400400008004030B589B004465049B2
:1021A0002068884201D1FEF7B7FF4E492068884277
:1021B0007ED100200890079006900590049003902F
:1021C000029001904849086807F024FD04904749AF
:1021D000086807F01FFD03904549086807F01AFDDD
:1021E00002904449086807F015FD01903E4948688F
:1021F00007F010FD0546049907F09AFE0890049830
:1022000007F0CCFC384948603849486807F002FDBF
:102210000546039907F08CFE0790039807F0BEFC73
:10222000324948603249486807F0F4FC0546029993
:1022300007F07EFE80F000400690029807F0AEFCAA
:102240002B4948602B49486807F0E4FC0546019992
:1022500007F06EFE80F000400590019807F09EFCAC
:102260002449486000231A4608A92348006804F05E
:10227000EDF900231A4607A92048006804F0E6F9A2
:1022800000231A4606A91E48006804F0DFF900235F
:102290001A4605A91B48006804F0D8F900231A461D
:1022A00004A91948006804F0D1F900231A4600E097
:1022B00013E003A91548006804F0C8F900231A4682
:1022C00002A91348006804F0C1F900231A4601A9C5
:1022D0001048006804F0BAF900BF09B030BD000032
:1022E000002C014000040040E0010020EC0100202F
:1022F000F801002004020020100100201401002039
:10230000180100201C0100202001002024010020D1
:10231000280100202C010020704700BFFEE7014685
:1023200008684069C0F38020B0B16FF480600A682B
:10233000506100200863202081F83D00002081F8D2
:102340003E00086C40F00400086400BF002081F8E3
:102350003C0000BF012070470020FCE72DE9F84356
:1023600004460F4615469946DDE908862068006850
:1023700040F48060216808602068006840F4807044
:1023800021680860434600224FF001112046009664
:1023900000F037F960B12068006800F48070B0F593
:1023A000807F02D14FF4007020640320BDE8F883E1
:1023B00007F0FE0021680861334642463E49204648
:1023C00000F07EF908B10120F0E700BF0020009086
:1023D00020684069009020688069009000BF00BFBD
:1023E00032464146204600F02DFA50B1206C0428B8
:1023F00005D12068006840F4007021680860012061
:10240000D4E7B9F1010F03D1E8B22168086117E000
:10241000C5F307202168086132464146204600F096
:1024200011FA50B1206C042805D12068006840F4EE
:102430000070216808600120B8E7E8B221680861EF
:1024400032464146204600F0FDF950B1206C042888
:1024500005D12068006840F4007021680860012000
:10246000A4E72068006840F4807021680860434653
:1024700000224FF001112046009600F0C2F858B13A
:102480002068006800F48070B0F5807F02D14FF4BE
:1024900000702064032089E7F8B240F00100216851
:1024A0000861334642460449204600F009F908B164
:1024B00001207BE7002079E7020001002DE9F843C5
:1024C0000446884615469946DDE908672068006895
:1024D00040F4807021680860334600224FF00111FB
:1024E0002046009700F08DF860B12068006800F485
:1024F0008070B0F5807F02D14FF40070206403201B
:10250000BDE8F88308F0FE00216808613B463246CA
:102510002149204600F0D4F808B10120F0E700BFBF
:102520000020009020684069009020688069009039
:1025300000BF00BF3A463146204600F083F950B153
:10254000206C042805D12068006840F400702168E0
:1025500008600120D4E7B9F1010F03D1E8B2216886
:10256000086117E0C5F30720216808613A46314643
:10257000204600F067F950B1206C042805D120688E
:10258000006840F40070216808600120B8E7E8B2F4
:10259000216808610020B3E70200010070B504461D
:1025A0000D46164625E02046FFF7B9FE08B101208A
:1025B00070BD681CE8B1FEF70FFA801BA84200D876
:1025C000BDB920684069C0F3800090B90020206345
:1025D000202084F83D00002084F83E00206C40F06C
:1025E0002000206400BF002084F83C0000BF0120D0
:1025F000DEE720684069C0F380000028D3D00020C7
:10260000D6E72DE9F04104460D4617461E46DDF893
:10261000188038E0701CA8B3FEF7DEF9A0EB0800C4
:10262000B04200D876BBC5F3074001280AD1206824
:102630004069A9B20840A9B2884201D101200BE04B
:10264000002009E020688069A9B20840A9B2884248
:1026500001D1012000E00020B84214D10020206305
:10266000202084F83D00002084F83E00206C40F0DB
:102670002000206400BF002084F83C0000BF01203F
:10268000BDE8F081FFE7C5F3074001280AD12068C3
:102690004069A9B20840A9B2884201D101200BE0EB
:1026A000002009E020688069A9B20840A9B28842E8
:1026B00001D1012000E00020B842ABD00020DFE7CC
:1026C0002DE9F04104460D4616461F4658E02068A5
:1026D0004069C0F38020E8B12068006840F40070D1
:1026E000216808606FF480602168486100202063E1
:1026F000202084F83D00002084F83E00206C40F04B
:102700000400206400BF002084F83C0000BF0120CA
:10271000BDE8F081701C90B3FEF75EF9C01BB042BB
:1027200000D866BBC5F3074001280AD1206840697C
:10273000A9B20840A9B2884201D101200BE00020D3
:1027400009E020688069A9B20840A9B2884201D195
:10275000012000E0002090B900202063202084F8B0
:102760003D00002084F83E00206C40F020002064F2
:1027700000BF002084F83C0000BF0120C8E7FFE74D
:10278000C5F3074001280AD120684069A9B2084072
:10279000A9B2884201D101200BE0002009E02068A5
:1027A0008069A9B20840A9B2884201D1012000E0A5
:1027B000002000288BD00020AAE770B504460D4603
:1027C000164637E020684069C0F30010A0B16FF0F2
:1027D00010002168486100202063202084F83D001B
:1027E000002084F83E00206C206400BF002084F8A4
:1027F0003C0000BF012070BDFEF7EEF8801BA84230
:1028000000D8BDB920684069C0F3801090B900209D
:102810002063202084F83D00002084F83E00206CD6
:1028200040F02000206400BF002084F83C0000BF7E
:102830000120E0E720684069C0F380100028C1D083
:102840000020D8E770B504460D46164625E0204620
:10285000FFF765FD08B1012070BD681CE8B1FEF707
:10286000BBF8801BA84200D8BDB920684069C0F3FE
:10287000C01090B900202063202084F83D00002083
:1028800084F83E00206C40F02000206400BF00204F
:1028900084F83C0000BF0120DEE720684069C0F3F7
:1028A000C0100028D3D00020D6E700002DE9F04F5B
:1028B00099B004460D4616464FF07E574FF000087B
:1028C0004FF000094FF0000A0EA80FA910AB11AA93
:1028D000CDE9001015A917A802F0ECFA20B14FF0CD
:1028E000FF3019B0BDE8F08FBDF83C0000F48070F7
:1028F00000287CD0119807F08DF983464FF09D4158
:1029000007F056F80746129807F084F983464FF00F
:102910009D4107F04DF88046139807F07BF98346F8
:102920004FF09D4107F044F88146149807F072F982
:1029300083464FF09D4107F03BF8824639464FF001
:10294000804007F0C7F94946059007F0C3F94146B2
:1029500007904FF0404007F0BDF95146059007F051
:10296000B9F90690079906F0AFFF834606F080FF9D
:10297000CDE9080101F00CFD4FF06632524BCDE974
:102980000A0106F065FCCDE90C0106F0B1F9206002
:1029900049464FF0804007F09DF94946029007F004
:1029A00099F9414604904FF0404007F093F94146B1
:1029B000029007F08FF90390049907F0C3FA834659
:1029C0004FF07E5106F080FF059006F051FFCDE9F3
:1029D000080139464FF0804007F07CF941460390EA
:1029E00007F078F9494604904FF0804000E069E034
:1029F00007F070F95146039007F06CF9834604998B
:102A000006F062FF059006F033FFCDE90601DDE92F
:102A1000082301F005FF4FF066322B4BCDE90A0188
:102A200006F016FCCDE90C0106F062F9286051466B
:102A3000504607F04FF949460490484607F04AF9D6
:102A400041460390404607F045F939460190384623
:102A500007F040F90090019906F036FF02900399C3
:102A600007F070FA8346049907F06CFA059006F0B7
:102A7000FFFECDE908014946404607F02BF95146D3
:102A80000490384607F026F90390049906F01CFFDD
:102A90004FF08041059007F01DF9834606F0E8FEEF
:102AA000CDE90601DDE9082301F0BAFE4FF06632F8
:102AB000054BCDE90A0106F0CBFBCDE90C0106F090
:102AC00017F9306000200CE766A64C4038B5684620
:102AD00002F0F8FD044614B14FF0FF3038BD782005
:102AE00003F00AFC044614B16FF00100F6E7782009
:102AF00002F08AFD044614B16FF00200EEE7C82030
:102B000003F0A2FB044614B16FF00300E6E702F005
:102B1000C5F9044614B16FF00400DFE7124802F073
:102B2000F5FC054602F0E8FA044614B16FF0050022
:102B3000D4E740F2731002F059F8044614B16FF074
:102B40000600CBE7C82002F09FFA044614B16FF0EC
:102B50000700C3E7012003F045FA044614B16FF003
:102B60000900BBE70020B9E72C0000200EB50020CB
:102B7000029001900090FFF7A9FF1549086003E05B
:102B8000FFF7A4FF12490860114800680028F7D138
:102B900000BF02AA694601A8FFF788FE98B90D4850
:102BA0000078C82804DA0B480078401C09490870EE
:102BB00000231A4602A90848006803F047FD1420C4
:102BC00005F002F8E5E7012004F0FEFFE1E7000070
:102BD000F4000020EC0000200C01002010B5324B66
:102BE00000220121314803F0CFFD31490860314A0C
:102BF0000421052003F0DCFC2F4908602F4A042142
:102C0000084603F0D5FC2E4908602E4A04210846E8
:102C100003F0CEFC2C4908602C4A0421084603F03E
:102C2000C7FC2B4908602B4A0421084603F0C0FC6E
:102C300029490860294A0421084603F0B9FC2849BB
:102C40000860284A0421084603F0B2FC26490860BF
:102C5000264A0421084603F0ABFC25490860254AB2
:102C60000421084603F0A4FC23490860234A0021FC
:102C7000234803F02DFD23490860234A00212348FF
:102C800003F026FD22490860224A0021224803F071
:102C90001FFD22490860224A0021224803F018FD46
:102CA0002149086010BD000020AF0008230500087E
:102CB0003001002048AE00080C01002060AE000882
:102CC0001001002078AE00081401002090AE00082A
:102CD00018010020A8AE00081C010020C0AE0008AA
:102CE00020010020D8AE000824010020F0AE00082A
:102CF0002801002008AF00082C010020B8AD000812
:102D0000593D0008FC000020DCAD00086D2B0008D8
:102D10000001002000AE00080D3000080401002072
:102D200024AE0008C57200080801002000B585B077
:102D30000020019002900390049000BF57488069E2
:102D400040F01000554988610846806900F0100085
:102D5000009000BF00BF00BF0846806940F020001F
:102D600088610846806900F02000009000BF00BF25
:102D700000BF0846806940F0040088610846806909
:102D800000F00400009000BF00BF00BF084680694B
:102D900040F0080088610846806900F00800009053
:102DA00000BF00BF00224FF4C0413D48FDF70EFEBA
:102DB00000224CF22B013B48FDF708FE00224FF4A5
:102DC00070613948FDF702FE4FF4C04001900120C8
:102DD0000290002003900220049001A93048FDF7E2
:102DE0005DFCF0200190314802900120039001A980
:102DF0002D48FDF753FC4CF22B000190012002906E
:102E000003900220049001A92648FDF747FC4FF4E7
:102E100070500190254802900120039001A921489B
:102E2000FDF73CFC4FF440700190012002900390AC
:102E30000220049001A91C48FDF730FC4FF44060CB
:102E4000019001200290002003900220049001A92B
:102E50001548FDF723FC10200190002002900390FC
:102E600001A91048FDF71AFC002205210A20FEF7EF
:102E70000BFA0A20FEF7F8F9002205211720FEF7C9
:102E800003FA1720FEF7F0F9002205212820FEF7AB
:102E9000FBF92820FEF7E8F905B000BD001002405C
:102EA00000100140000C01400008014000003110FA
:102EB00010B50B480B4908600B48486000210948D1
:102EC0008160C1604FF480410161002141618161F5
:102ED000C1610162FDF786FD08B1FDF77CFB10BD05
:102EE00000540040B0040020801A060000B589B0EC
:102EF0000020079008901C216846FDF74AFA4FF021
:102F000080402349086047204860002120488160B4
:102F100040F2E731C160002101618161FFF787F86C
:102F200008B1FDF758FB00200790089007A9184842
:102F3000FEF788FD08B1FDF74EFB602000900020F1
:102F4000019002900490002269461148FEF7EDFFBF
:102F500008B1FDF740FB042269460D48FEF7E5FF86
:102F600008B1FDF738FB082269460948FEF7DDFF86
:102F700008B1FDF730FB0C2269460548FEF7D5FF86
:102F800008B1FDF728FB0248FEF7A4FF09B000BD19
:102F90000405002000B587B0002003900490059040
:102FA00006900190029015481549086040F2CF2024
:102FB000486000211248816040F2E731C160002181
:102FC000016180218161FEF77FFD08B1FDF703FB00
:102FD0004FF48050039003A90948FEF73DFE08B165
:102FE000FDF7F9FA00200190029001A90448FEF7CC
:102FF00029FD08B1FDF7EFFA07B000BD000400405D
:103000004C05002000BFFEE700BFFEE794B00020A3
:103010001290139011900D900E900F9010900C90B4
:103020000B900A90099000BF00BF00BF00BF00BF17
:1030300000BF824683460890FD48FE4BFE4A0021B1
:103040000090FE4800F00AFCF948FA4BFC4A0021C7
:103050000090FC4800F002FCF548FB4BFB4A0021C5
:103060000090FB4800F0FAFBF748FA4BFA4A0021BF
:103070000090FA4800F0F2FBF348F64BF84A0021C2
:103080000090F84800F0EAFBEF48F24BF64A0021C6
:103090000090F64800F0E2FBEB48EE4BF44A0021CA
:1030A0000090F44800F0DAFB00BF00231A4611A993
:1030B000F148006803F03CFA10B1012003F0E2F996
:1030C00000231A46ED49EE48006803F031FA10B1CA
:1030D000012003F0D7F900231A46EA49EA480068BC
:1030E00003F026FA10B1012003F0CCF900231A46B0
:1030F000E649E748006803F01BFA10B1012003F02D
:10310000C1F900231A46E349E348006803F010FAC6
:1031100010B1012003F0B6F900231A460CA9DF48CC
:10312000006803F005FA10B1012003F0ABF90023A9
:103130001A460BA9DA48006803F0FAF910B1012029
:1031400003F0A0F900231A460AA9D648006803F044
:10315000EFF910B1012003F095F900231A4609A9EF
:10316000D148006803F0E4F910B1012003F08AF9B6
:10317000CE480078012809D1CD480078C82805D16B
:10318000CC49119808600020C8490870CA49C9484C
:10319000006806F06BFE07D8C749C648006806F00D
:1031A000D1FEC44908600CE00021C248006806F066
:1031B0005DFD06D2C049BF48006806F085FBBD49E9
:1031C0000860BB480078C82806D1BA481199006841
:1031D00006F0B8FEB94908600021B948006806F059
:1031E000A9FC06D0B349119808600020B3490860D3
:1031F00022E0B0481199006806F0A4FEAF490860CB
:1032000006E0AD49AD48006806F05EFBAB490860DA
:10321000AC49AA48006806F029FDF2D306E0A649A9
:10322000A648006806F08EFEA4490860A649A34897
:10323000006806F01BFEF2D3A448002102687F4814
:1032400000F0F4F98246A248002102687D4800F0AF
:10325000EDF983469948002102687D4800F0E6F9BF
:1032600008909C48007801287ED100200890CDF875
:103270001CA0CDF818B09148006880F00040019083
:1032800006F0F6FA8046944A944B05F0E1FF0646B4
:103290000022934B05F01AFE044605F029FD02902A
:1032A00004F020FA0390069906F014FD0590834877
:1032B000006880F00040019006F0DAFA0446864A81
:1032C000864B05F0C5FF06460022854B05F0FEFD46
:1032D000804605F00DFD029001F062FB0390079916
:1032E00006F0F8FC0490059906F02CFE824673481F
:1032F000006880F00040019006F0BAFA8046764AF5
:10330000764B05F0A5FF06460022754B05F0DEFD65
:10331000044605F0EDFC029001F042FB0390069993
:1033200006F0D8FC05906548006880F000400190E8
:1033300006F09EFA8046684A684B05F089FF04460D
:103340000022674B05F0C2FD064605F0D1FC029055
:1033500004F0C8F90390079906F0BCFC04900599A5
:1033600006F0B2FA834600E000E000BF594650463E
:1033700006F0AAFA0646089906F0A6FA054650484D
:103380000168284606F0A0FA04465648016820461F
:1033900006F09AFA0D905946504606F0D3FD0646BF
:1033A000089906F091FA054645480168284606F056
:1033B0008BFA04464B480168204606F085FA0E90C9
:1033C0005946504606F080FA0646089906F0BAFDBE
:1033D00005463B480168284606F0B4FD04464148CE
:1033E0000168204606F0AEFD0F905946504606F0A3
:1033F000A9FD0646089906F0A5FD05463048016876
:10340000284606F09FFD044636480168204606F02F
:1034100099FD10901948006880F0004739460F4820
:103420000D9A00F003F9044606F022FA5CE0000071
:103430000000484300007A44680000201002002089
:10344000740000207002002000004842800000202C
:10345000D002002000C079448C00002030030020FE
:103460009800002090030020A4000020F00300201A
:10347000B0000020500400200C010020DC000020DF
:1034800010010020E000002014010020E4000020D2
:1034900018010020E80000201C010020200100206D
:1034A00024010020280100202C010020BC00002065
:1034B000EC000020C00000200000B443C400002045
:1034C000D4000020000034C300003443C8000020B2
:1034D000CC000020BE000020112D4454FB210940E7
:1034E00000806640D800002021F00041054605F02C
:1034F00045FE80B2ADF848004248006880F00047C1
:10350000394641480E9A00F091F8044606F0B0F9A9
:1035100021F00041054605F031FE80B2ADF84A00C9
:103520003A48006880F00047394639480F9A00F061
:103530007DF8044606F09CF921F00041054605F0AF
:103540001DFE80B2ADF84C003248006880F00047A4
:1035500039463148109A00F069F8044606F088F9B7
:1035600021F00041054605F009FE80B2ADF84E009D
:1035700000200BE012A931F81010B1F57A7F04DBBE
:1035800040F2E73112AA22F81010401C0428F1DBA7
:103590000021224ABDF848000123CDE90121009015
:1035A00002221F49084600F051FB0421164ABDF8CB
:1035B0004A00CB01CDE9012100908A011949084652
:1035C00000F044FB0821124ABDF84C00CB02CDE9C3
:1035D000012100908A021449084600F037FB0C21B3
:1035E0000D4ABDF84E004FF40043CDE90121009093
:1035F0005A100B49084600F029FB0A2004F0E4FAAF
:1036000053E50000E000002090030020E4000020CB
:10361000F0030020E80000205004002030030020C8
:10362000000C014000080140001001402DE9F0416C
:1036300004460E4615462946606A06F07BFA03D01A
:1036400001208249087065628048007860B1608816
:103650007F490988884204DD002060807B4908702A
:1036600002E06088401C608014B90020BDE8F08151
:10367000A16DE165616DA1652562216B6163E16A00
:103680002163E662D4E90B0106F01EF98046616B06
:1036900006F01AF907466F4906F08AF9A062284633
:1036A000A16A06F04FFC60656848007840BB606D19
:1036B00006F0DEF821F0004107460022664B05F0D7
:1036C000C5FE0CD2608850B90021606A06F032FA5B
:1036D00005D0606920616088401C608016E04FF072
:1036E0007E51206906F026FA0BD059480088142133
:1036F00090FBF1F06188884203DD6088401C6080A7
:1037000004E04FF07E502061002060802078002887
:1037100051D1D4E9150106F015FCA0642169606857
:1037200006F0D8FA0746616D06F0D4FAE063616DE1
:10373000A06806F0CFFA0746216C06F0C5F82064B1
:10374000E16C2165A16CE164A16CE06806F0C2FA4D
:103750006064E169206C06F089FB02D2E0692064B4
:103760000BE0E06980F000473846216C06F07EFBF4
:1037700003D2E06980F000402064D4E90F0106F034
:10378000A3F80746616C06F09FF8A063A169A06BDF
:1037900006F06CFB02D2A069A06355E0A06980F03E
:1037A00000473846A16B06F061FB4DD2A06980F05E
:1037B0000040A06348E02078012845D1D4E91501F4
:1037C00006F0C0FB0746616806F084FAE063616DAD
:1037D000A06806F07FFA2064E16C2165A16CE164C9
:1037E0004FF08040A16D06F075FA8046616D06F0DD
:1037F0009FFB0746E16D06F067F8A064A16CE068E6
:1038000006F068FA6064D4E90F0106F05DF88046BE
:10381000616C06F059F80746A16B06F055F8A063F5
:10382000A169A06B06F022FB02D2A069A0630BE0A5
:10383000A06980F000473846A16B06F017FB03D261
:10384000A06980F00040A063A06B0FE73800002063
:1038500040000020000040400000594070B5049C2A
:1038600000B102B970BD017015684560556885608A
:103870009568C5608361C46100260665C664866478
:10388000866346640664C663C66586654665044D00
:103890002D68456146630663C66200BFE2E700002B
:1038A0003C00002001460148405C7047D4010020E4
:1038B000002004E00021034A1154411CC8B2092829
:1038C000F8DB7047D401002038B504460120009091
:1038D0000020214948700120009037E0BDF8000029
:1038E000204028B1012291021C48FDF76FF805E045
:1038F00000224FF480611948FDF768F80122082181
:103900001748FDF763F80A2001F03AF90022082170
:103910001348FDF75BF80A2001F032F90122082173
:103920000F48FDF753F810210D48FDF747F830B167
:1039300009484078BDF80010084307494870BDF8B1
:1039400000004FF6FF7101EA40000090BDF8000052
:10395000FF28C3DD38BD0000D4010020000801406D
:10396000000C014010B5FFF7A3FF00F085F80F48E9
:10397000C0780E49097940EA01200D4908800024E9
:103980000FE00C4810F81400401E012101FA00F06D
:1039900007490988084010B9601CC0B210BD601CFE
:1039A000C4B2102CEDDB0020F8E70000D4010020A9
:1039B000420000204600002010B500224FF40061B4
:1039C0001448FDF703F8102001F0DAF80120FFF7A2
:1039D0007BFF4320FFF778FF0020FFF775FF0120F2
:1039E000FFF772FF0020FFF76FFF0020FFF76CFF6B
:1039F0000020FFF769FF0020FFF766FF0020FFF7B8
:103A000063FF0122D1020348FCF7E0FF102001F020
:103A1000B7F810BD0008014010B500224FF4006156
:103A20001448FCF7D3FF102001F0AAF80120FFF79B
:103A30004BFF4320FFF748FF0020FFF745FF002022
:103A4000FFF742FF5A20FFF73FFF5A20FFF73CFFE6
:103A50005A20FFF739FF5A20FFF736FF5A20FFF7A9
:103A600033FF0122D1020348FCF7B0FF102001F020
:103A700087F810BD000801401CB50020019001200E
:103A800000900022C1022848FCF7A0FF27490878CF
:103A9000FFF71AFF25494878FFF716FF022001902B
:103AA00037E00120009028E0012208212048FCF79F
:103AB0008DFF002208211E48FCF788FF0A2001F034
:103AC0005FF8012208211A48FCF780FF10211848EE
:103AD000FCF774FF50B117489DF80410405CBDF826
:103AE0000010084313499DF804208854BDF80000D5
:103AF0004FF6FF7101EA40000090BDF80000FF287A
:103B0000D2DD0A2001F03CF89DF80400401CC0B250
:103B100001909DF804000928C3DB0122D10202486C
:103B2000FCF754FF1CBD00000008014044000020C9
:103B3000000C0140D401002010B500F00DF800F099
:103B40000BF800F009F8FFF737FF00F029F800F054
:103B500055F8FFF761FF10BD10B500224FF400616A
:103B60000E48FCF733FF102001F00AF80120FFF7A0
:103B7000ABFE4220FFF7A8FE0020FFF7A5FE0020C5
:103B8000FFF7A2FE0020FFF79FFE0122D1020348AB
:103B9000FCF71CFF102000F0F3FF10BD00080140EF
:103BA00010B500224FF400611348FCF70FFF01200D
:103BB000FFF78AFE4420FFF787FE0020FFF784FE10
:103BC0000120FFF781FEEE20FFF77EFE0020FFF7C9
:103BD0007BFE0020FFF778FE0020FFF775FE002037
:103BE000FFF772FE0122D1020348FCF7EFFE10201E
:103BF00000F0C6FF10BD00000008014010B5002213
:103C00004FF400610E48FCF7E1FE102000F0B8FF11
:103C10000120FFF759FE4D20FFF756FE0020FFF769
:103C200053FE0020FFF750FE0120FFF74DFE01225A
:103C3000D1020348FCF7CAFE102000F0A1FF10BD1E
:103C40000008014010B5FDF773FB10BD2DE9F047EA
:103C500082460E4617469846DDE908590A9C4FF001
:103C60008041D9F8380006F001F91ED21CB92F485E
:103C7000006845630EE0042C03D12C48006885637E
:103C800008E0082C03D129480068C56302E02748F2
:103C900000680564002239465046FCF797FE012271
:103CA00041463046FCF792FE3DE04FF04041D9F8E6
:103CB000380005F0DBFF1ED21CB91C4800684563C4
:103CC0000EE0042C03D119480068856308E0082C35
:103CD00003D116480068C56302E014480068056413
:103CE000012239465046FCF771FE0022414630461B
:103CF000FCF76CFE17E024B900200C490968486302
:103D000011E0042C04D100200849096888630AE006
:103D1000082C04D1002005490968C86303E000208D
:103D2000024909680864BDE8F08700000405002026
:103D300008B508490968C9084FF47A72B1FBF2F175
:103D40004143009100BF00BF00994A1E0092002924
:103D5000F9D108BD4001002000BF012002F092FB14
:103D6000FBE710B54FF0E020006904F017FD0128D3
:103D700001D004F0CDF810BD00B58FB0282105A802
:103D8000FCF707FB14216846FCF703FB01200590B4
:103D900000040690002007900120099002200C905A
:103DA000C1030D914FF4E0110E9105A8FDF716FC2B
:103DB00008B1FCF710FC0F200090022001900020B9
:103DC00002904FF480600390002004900221684626
:103DD000FDF7BEFA08B1FCF7FEFB0FB000BD70475F
:103DE00010B50248FDF7BFFF10BD0000940500208C
:103DF00010B50248FDF7B7FF10BD00004C050020CC
:103E000010B502681C4B984208D0B0F1804F05D025
:103E10001A4B984202D01A4B984203D122F07002FA
:103E20004B681A43144B984208D0B0F1804F05D02C
:103E3000124B984202D0124B984203D122F44072A6
:103E4000CB681A4322F080034C6943EA0402026003
:103E50008B68C3620B688362074B984201D10B6980
:103E6000036301234361036903F001031BB1036989
:103E700023F00103036110BD002C01400004004049
:103E80000008004030B501F01F05012404FA05F3D5
:103E9000046A9C430462046A01F01F0502FA05F5F6
:103EA0002C43046230BD30B50C46816821F47F415B
:103EB00042EA032525432943816030BD0A468168D3
:103EC00021F0700142F00703194381607047000040
:103ED00030B5026A056A25F0010505624368846908
:103EE00024F0700424F003040D682C4322F0020235
:103EF0008D682A430D4DA84206D100BF22F008026A
:103F0000CD682A4322F00402084DA84207D123F4C9
:103F1000807323F400734D692B438D692B434360F9
:103F200084614D684563026230BD0000002C014091
:103F300030B5026A056A25F0100505624368846998
:103F400024F4E04424F440740D6844EA052422F08B
:103F500020028D6842EA05120E4DA84207D100BF2B
:103F600022F08002CD6842EA051222F04002094D9B
:103F7000A84209D123F4806323F400634D6943EA26
:103F800085038D6943EA8503436084614D688563D9
:103F9000026230BD002C014030B5026A056A25F48A
:103FA000807505624368C46924F0700424F003043A
:103FB0000D682C4322F400728D6842EA05220F4DF1
:103FC000A84207D100BF22F40062CD6842EA052270
:103FD00022F48062094DA84209D123F4805323F4CE
:103FE00000534D6943EA05138D6943EA05134360A5
:103FF000C4614D68C563026230BD0000002C014001
:1040000030B5036A056A25F4805505624468C269C3
:1040100022F4E04222F440720D6842EA052223F4C1
:1040200000538D6843EA0533064DA84204D124F4B9
:1040300080444D6944EA85144460C2614D6805645A
:10404000036230BD002C014030B50B461446026AB5
:10405000056A25F001050562816921F0F00141EA58
:10406000041122F00A021A438161026230BD30B5A8
:104070000B461446026A056A25F01005056281693F
:1040800021F4704141EA043122F0A00242EA031215
:104090008161026230BD70B50546284603F0A2FA80
:1040A000044614B1D4E90010884770BD00BFFEE794
:1040B000490050EAC12018BF04204A0D18BF40F043
:1040C000010040F2FF72B2EB515F08BF40F0020006
:1040D000012808BF052070474100080218BF0420CE
:1040E0000A0E18BF40F001004FF07F4232EA010192
:1040F00008BF40F00200012808BF052070470000FB
:1041000002480068C0F30220704700000CED00E098
:1041100010B5002804DB0A07130E054A135406E005
:104120000A07140E034A00F00F031B1FD45410BDDE
:1041300000E400E018ED00E0EFF3058070472DE9A2
:10414000F0414F1E00EBC7010446D1E900011546BE
:104150001E4637F006020DD02A46334605F078F8A1
:104160007F1E04EBC703D3E9002304F0F3FD37F00F
:104170000602F1D1022F25D0042F13D0062F18BF2D
:10418000BDE8F0812A46334605F062F8D4E90A23F7
:1041900004F0E0FD2A46334605F05AF8D4E9082336
:1041A00004F0D8FD2A46334605F052F8D4E9062338
:1041B00004F0D0FD2A46334605F04AF8D4E904233A
:1041C00004F0C8FD2A46334605F042F8D4E902233C
:1041D00004F0C0FD2A46334605F03AF8D4E900233E
:1041E000BDE8F04104F0B6BD012205F052BF04F075
:1041F000B1BD002213461046114604F067BE000010
:10420000024A0020110705F044BF000001FDFFFF36
:10421000012105F06CBF0021084605F0C9BB6FF015
:104220005E01080705F063BF2DE9F04D0D46144609
:104230004FF07F41B1EB440F9EBF4FF0FF3129603B
:10424000BDE8F08D4FF0004040EA0421C4F3C750B0
:10425000783810F01F024A4B4FEA601CC2F120066A
:104260007B44C4F3C750A0F178004FEA601003EB21
:10427000800053F82C3008BFD0E901C612D0D0F826
:1042800004C093402CFA06F73B4387680CFA02FC03
:1042900027FA06F8C06807FA02F2F0404CEA080C68
:1042A00042EA0006A3FB0132ACFB01C0A6FB0161A0
:1042B00001EB0C068E4234BF4FF0010C4FF0000CA6
:1042C000C1186144BCF1000F02D0814202D903E061
:1042D000814201D2012000E00020104400F12002C0
:1042E0004FEA92188006CA0C40EA42304F03C5F8E4
:1042F000008005F08FFC8246384605F0A3FC6FF085
:10430000120105F0F4FE0746304605F09BFC6FF005
:10431000250105F0ECFE83463946504605F0D4FAF7
:10432000594605F0D1FA00F500666FF30B065146C9
:10433000304605F007FE394605F004FE594605F003
:10434000F7FD104905F0C6FC07460F49304605F059
:10435000C1FC394605F0B8FA07460C49304605F06D
:10436000B9FC394605F0B0FA14F0004F08BFBDE8BB
:10437000F08DC8F1805180F000402960BDE8F08DDB
:10438000EC6D0000DB0FC92F22AAFD290000C92F08
:104390002DE9F04D8D4F21F0004A86B005460C46C0
:1043A000BA452ADBAAEB070028430AD08848824591
:1043B00001DC1AD1CDB106B02846BDE8F04DFFF7BB
:1043C00013BF844A844B284604F042FF07460E463A
:1043D000824A834B2846214604F03AFF06B03A460B
:1043E0003346BDE8F04D04F0B5BC0120FCF700F801
:1043F00006B0BDE8F04DFFF7FCBE7A48824542DAD0
:10440000BAF1795F0BDA2846FFF752FE042808BF9D
:10441000FFF7F6FE284606B02146BDE8F08D2A4695
:104420000B46104604F014FF834602466E480E46C3
:104430000B4606217844FFF782FE5A46334604F0C5
:1044400007FF804669488A465A4633460421784425
:10445000FFF775FE5A46334604F0FAFE00223B464B
:1044600004F078FC02460B464046514604F02EFD0F
:104470002A46234604F0ECFE06B02A462346BDE851
:10448000F04D04F067BC284624F0004100223D4670
:104490003B4605F011F84FF0FF3205F0FAFD0646F5
:1044A000024653480F460B4606217844FFF747FE65
:1044B00032463B4604F0CCFECDE900014D48324681
:1044C0003B4604217844FFF73AFE32463B4604F06F
:1044D000BFFE00222B4604F03DFC8346029130468D
:1044E000394603F0C3F9804643480D46504517DC72
:1044F000DDE900015A46029B04F0E8FC42462B46E7
:1045000004F0A6FE42462B4604F024FC012205F0EE
:10451000C0FD304A304B05F0C1F8304A304B4CE01A
:104520004FF0000A52460B46404604F013FCCDE91A
:10453000031052462B461046194604F089FE3246B7
:104540003B4604F0B9FFDDE9033204F0BFFC064648
:104550000F46DDE900015A46029B04F0B7FC834692
:10456000009101223046394605F093FD194A1A4B55
:1045700004F0A2FF06460F4601224046294605F0F8
:1045800088FD5A46009B04F063FE32463B4605F028
:1045900085F806460F4601225046294605F079FD6A
:1045A0000E4DDFF858802A46434604F085FF324618
:1045B0003B4604F081FF2A46434604F07DFF002C71
:1045C000D8BF81F0004106B0BDE8F08D0000F03F9B
:1045D0000000F07F075C143326A6913C182D44544C
:1045E000FB21F93F0000E03F286B00003E6B00001C
:1045F000B26A0000C86A00003333EF3FFB21E93F95
:104600002DE9F84F04460D4621F000400091734912
:10461000814211DC7249884201DC06D12CB120466E
:104620002946BDE8F84FFFF7DFBD6E48002DCCBF2F
:104630006D496E49BDE8F88F6D49814211DD6D49C4
:104640008142D8BF4FF0FF366DDD20462946FFF787
:104650002FFD042808BFFFF7D3FD20462946BDE8FB
:10466000F88F6549654F25F00045814233DD644987
:10467000814219DD002632464FF08043204629460C
:1046800004F068FB80468A4601222046294605F050
:1046900000FD00223B4605F001F84246534604F077
:1046A00015FC04460D463EE001260022BA463B4674
:1046B0002046294604F04EFB80460F460022534612
:1046C0002046294604F0EAFF42463B4604F0FEFB42
:1046D00004460D4627E04B4981421BDDDFF828A147
:1046E0000226002253462046294604F0B1FD00224E
:1046F0003B4604F02FFB80460F46002253462046DF
:10470000294604F0CBFF42463B4604F0DFFB04465B
:104710000D4608E0032622462B4600203B4904F0C4
:10472000D5FB04460D4622462B461046194604F09A
:104730008FFD8B46824602460B4604F089FD0746F4
:104740000246334888460B4606217844FFF7F7FCBB
:1047500052465B4604F07CFD82462E488B463A4624
:10476000434605217844FFF7EAFC3A46434604F005
:104770006FFD02460B46002E504659460CDA04F0F7
:10478000E9FA22462B4604F063FD01B022462B468F
:10479000BDE8F04F04F090BE04F0DCFA22462B4650
:1047A00004F056FD1C4A7A4402EBC603D3E9002309
:1047B00004F074FF22462B4604F070FF174A7A4437
:1047C00002EBC603D3E9002304F076FE009A002A28
:1047D000B8BF81F00041BDE8F88F00000000104430
:1047E0000000F07F182D4454FB21F93FFB21F9BF55
:1047F0000000DC3F0000203E0000F33F0000F03FDF
:104800000000E63F008003400000F83F0000F0BFDA
:10481000CA6800008868000026680000EE67000093
:104820002DE9F04D9446CCF1000423F000464CEA0B
:104830000404524F46EAD4749A46884621F0004256
:10484000BC4206D8454240EA050442EAD474BC4260
:1048500004D9BDE8F04D6246FFF7C9BCAAF1405546
:10486000A5F17F6555EA0C040BD0022404EAAA7472
:10487000434DDFF810E144EAD87452EA000B04D04B
:104880000CE0BDE8F04DFFF7BBBE002C14BF012CBF
:10489000BDE8F08D022C30D0032C32D056EA0C0B40
:1048A0000AD0BE4220D1BA4209D126F0804622F079
:1048B00080423346114617E000291ADB25E0DFF875
:1048C000C8B0FB44002C04BFDBE90001BDE8F08D5B
:1048D000012C02BFDBE9000181F00041BDE8F08D51
:1048E000022C0AD0032C0CD0BA4212D1B8F1000F1E
:1048F0000BDA23482549BDE8F08D28462449BDE858
:10490000F08D28467146BDE8F08D1D482149BDE86F
:10491000F08D921B12153C2AC4BF19481D490EDCAC
:10492000BAF1000FBEBF12F13C0F0020014606DBBA
:10493000624604F0CBFA21F00041FFF761FE002C43
:1049400008BFBDE8F08D012C04BF81F00041BDE837
:10495000F08D114A114B022C07D004F09FFE2A461D
:10496000BDE8F04D0A4B04F099BE04F097FE2A46CC
:10497000BDE8F04D064B04F09FBD00000000F07F45
:10498000182D4454FB2109C082670000FB21F9BFA8
:10499000FB210940FB21F93F075C143326A6A13C0B
:1049A0002DE9F843044602464F486946B0EB420FF2
:1049B00009D94FF0E640B0EB420F94BF00204FF012
:1049C000FF30009030E0494B22F00040834271D923
:1049D0004749204605F07EF905F07AFA804605F051
:1049E000DDF800F0030000904249404605F072F9FE
:1049F00005464149404605F06DF906463F494046A7
:104A000005F068F907463E49404605F063F921463E
:104A100005F08EFA394605F095FA314605F092FA1E
:104A2000294605F08FFA04462546009C002C45DBFC
:104A3000294614F0010F08461CD005F04BF9064634
:104A4000304905F047F9304905F072FA314605F072
:104A500041F92E4904F038FF314605F03BF929466B
:104A600005F038F9294604F02FFF14F0020F1CD08E
:104A7000BDE8F88305F02EF90546254905F02AF929
:104A8000244904F021FF294605F024F9224904F0C5
:104A90001BFF294605F01EF94FF07E5104F014FF6C
:104AA00014F0020F08BFBDE8F88380F00040BDE8B5
:104AB000F883FFE71046FFF7B7FBB4E76800B0F1F3
:104AC0007F4F3CBF4FF07E50BDE8F88307D14FF0D9
:104AD0000100FBF78DFCBDE8F843FFF79CBB2846BF
:104AE000BDE8F843FFF794BBB61F927E490E4946D6
:104AF00083F9223F1A61342C0020A23300A0FD3933
:104B00000000C93F336D4C39DA82083CA0AA2ABEA6
:104B1000B93AB2BACA9F2A3DDDFFFFBE2DE9F04186
:104B20000446E07800F0C006E07800F03F056078C9
:104B300000F0010098B1EF102846E91705EB51711C
:104B4000C910A5EBC101491C01F0FF080B48006822
:104B500020B10A48414602683846904700BF607855
:104B600000F0080030B10548406818B1B011034AA0
:104B7000516888470020BDE8F0810000C401002092
:104B800010B5084B5968084B1B68084CB3FBF4F38D
:104B900003FB00F200BF034B5B685B1A9342FAD33E
:104BA00010BD0000001000E04001002040420F0056
:104BB00038B5044664B120208DF8000028208DF817
:104BC000010030208DF8020038208DF8030004E049
:104BD000A32204216846FBF7D4FB6A46042140F671
:104BE0009E2001F001FC00F0A9FF38BD3EB504464F
:104BF00002208DF80000CA208DF80100E3208DF816
:104C0000020009208DF803006A460421682001F0A3
:104C1000EBFBA3208DF8000004F0400048B1C02059
:104C20008DF80100C8208DF80200C2208DF8030025
:104C300006E0A3208DF801008DF802008DF8030036
:104C400004F4C07048B1C4208DF80400CC208DF865
:104C50000500C6208DF8060006E0A3208DF80400AC
:104C60008DF805008DF80600A3208DF807008DF85B
:104C700008008DF809006A460A2140F6A72001F0D5
:104C8000B3FB04F0030018B120208DF8000002E00F
:104C9000D8208DF800006A46012140F6B62001F0C8
:104CA000A3FB04F0200018B1012000F0ADF802E0F1
:104CB000002000F0A9F804F4C07008B304F4807078
:104CC00060B1B2208DF800008B208DF80100B62075
:104CD0008DF802009B208DF803000BE0B0208DF8CA
:104CE000000080208DF80100B4208DF80200902093
:104CF0008DF803006A46042140F6A22001F074FBFF
:104D000004F0010020B3F8208DF800006A4601216C
:104D10004FF40B6001F068FBFA21072000F000FB64
:104D2000072000F0C7FA012000F0E7FA642000F045
:104D3000C7FB4FF4FA7000F0D6FBC821304800F0F2
:104D400077FA282000F090FA0A2000F0A0FA08E094
:104D5000D8208DF800006A4601214FF40B6001F065
:104D600043FB04F0020018B1D9208DF8000002E0E6
:104D7000D8208DF800006A46012140F23D7001F014
:104D800033FB04F0040018B1012000F069F802E0E0
:104D9000002000F065F804F0100018B10120FFF7C2
:104DA00007FF02E00020FFF703FF44F00800154969
:104DB000488100F0C3FE00201249887304F04000CF
:104DC00018B10846807B801D887304F4C07020B140
:104DD0000C48807B801D0B49887304F0140020B1BF
:104DE0000848807B10300749887304F0030020B125
:104DF0000448807B001D0349887300203EBD0000ED
:104E000009E3CA02C40100203EB504466CB10EA1FC
:104E1000D1E900208968CDE9002002916A46092184
:104E20004FF4976001F0E0FA3EBD0AA2D2E900100B
:104E30009268CDE9010200916A4609214FF497601A
:104E400001F0D2FAF0E70000B8AAB38DB4980D359E
:104E50005D000000B8AAAAAAB088C3C5C7000000B8
:104E600038B5044664B1C0208DF80000C2208DF82A
:104E70000100C4208DF80200C6208DF8030004E074
:104E80008B2204216846FBF77CFA6A46042140F62F
:104E9000982001F0A9FA00F051FE38BD10B5C823E2
:104EA0004FF48062024940F6F63000F09BFC10BDE2
:104EB000C0A100082DE9F04F8DB007468846154681
:104EC0009946DDE9166B0024002030806D49887B0F
:104ED0005A4605A900F06CFD18B1601E0DB0BDE882
:104EE000F08F6848807A00F01400002867D09DF8A1
:104EF000140000069DF8151040EA01409DF81610B8
:104F000040EA01209DF81710084328609DF818001A
:104F100000069DF8191040EA01409DF81A1040EA79
:104F200001209DF81B10084368609DF81C000006D6
:104F30009DF81D1040EA01409DF81E1040EA012036
:104F40009DF81F100843A8609DF8200000069DF8FA
:104F5000211040EA01409DF8221040EA01209DF80E
:104F600023100843E86004F11000C4B2286800145C
:104F70000190686800140290A86800140390E86823
:104F80000014049001984043029901FB0100039929
:104F900001FB0100049901FB010ABAF1706F02DB09
:104FA000BAF1885F05DD00F0C9FD00203080401EA9
:104FB00094E7B6F9000040F48070308000BF3148BB
:104FC000807A00F0400020B305A9601C085C095DF0
:104FD00040EA012000B2A8F8000005A9E01C095C25
:104FE00005AAA01C105C41EA002000B2A8F802004B
:104FF00005A9601D095C201D105C41EA002000B27B
:10500000A8F80400A01DC4B2B6F9000040F00800E2
:1050100030801C48408900F4C07008B305A9601CAA
:10502000085C095D40EA012000B2388005A9E01C57
:10503000095C05AAA01C105C41EA002000B278803F
:1050400005A9601D095C201D105C41EA002000B22A
:10505000B880A01DC4B2B6F9000040F070003080E6
:105060000848807A00F0030018B105A90819FFF775
:1050700055FD00BFFBF7B0FCC9F8000000BF0020E1
:105080002CE70000C401002030B585B0044616A20C
:1050900007CA02AB07C3C82C03DD4FF0FF3005B0D1
:1050A00030BDC82090FBF4F0401E85B2280A8DF870
:1050B0000000E8B28DF801006A46022140F2162095
:1050C00001F092F910B14FF0FF30E8E702AA0C218D
:1050D00040F6C12001F088F910B14FF0FF30DEE753
:1050E000044884810020DAE7FEF2ABC4AAF1DFDFD6
:1050F000BBAFDFDFC401002010B586B0044647A077
:105100000068039046A00068029046A000680190E5
:1051100045A00068009004F0030003A9085C8DF826
:10512000140003A8C4F3C101405C8DF8150003A866
:10513000C4F38111405C8DF8160004F0030002A94D
:10514000085C8DF8100002A8C4F3C101405C8DF822
:10515000110002A8C4F38111405C8DF8120005AA69
:10516000032140F2264001F03FF918B14FF0FF3023
:1051700006B010BD04AA032140F22A4001F034F920
:1051800010B14FF0FF30F3E70198059000980490BC
:1051900004F0040058B19DF8140040F001008DF8AF
:1051A00014009DF8100040F001008DF8100004F08C
:1051B000200058B19DF8150040F001008DF8150051
:1051C0009DF8110040F001008DF8110004F480708A
:1051D00058B19DF8160040F001008DF816009DF8BA
:1051E000120040F001008DF8120005AA03214FF4CF
:1051F000886001F0F9F810B14FF0FF30B8E704AA69
:10520000032140F2314001F0EFF810B14FF0FF30D0
:10521000AEE7064804810020AAE700004CCD6C00F0
:105220000CC92C003656760026466600C4010020C4
:10523000F8B505460E464FF47A7095FBF0F000FB8A
:1052400006F4200E8DF80000200C8DF80100200AD5
:105250008DF80200E0B28DF803006A4604214FF495
:10526000AE7001F0C1F8F8BD38B50446052094FBD6
:10527000F0F084B220128DF80000E0B28DF8010049
:105280006A4602214FF4AD7001F0AEF838BD38B572
:105290000446052094FBF0F084B220128DF8000043
:1052A000E0B28DF801006A4602214FF4AC7001F0C3
:1052B0009BF838BD38B504460020009004F001008A
:1052C00020B19DF8000040F03000009004F0020092
:1052D00020B19DF8000040F00C00009004F00400A4
:1052E00020B19DF8000040F0030000906A460121C3
:1052F0004FF4A47001F078F838BD38B50446012C9D
:1053000001DA012402E0042C00DD0424601EC0B296
:1053100000906A46012140F24F1001F065F838BD57
:105320002DE9FC4706460F4606F0070010B1B7F519
:10533000C86F03DD4FF0FF30BDE8FC87384604F04E
:1053400081FC8146594904F033FB8046684600F0F1
:1053500093F99DF80000022806D0042816D00828EA
:1053600026D0102848D135E04FF08D41404604F05A
:10537000B1FC814604F02EFC84B24D49404604F055
:10538000A9FC814604F026FC85B238E04FF08C4140
:10539000404604F09FFC814604F01CFC84B2454961
:1053A000404604F097FC814604F014FC85B226E0E8
:1053B0004FF08B41404604F08DFC814604F00AFC1E
:1053C00084B23D49404604F085FC814604F002FC6D
:1053D00085B214E04FF08A41404604F07BFC8146E0
:1053E00004F0F8FB84B23549404604F073FC814672
:1053F00004F0F0FB85B202E04FF0FF309CE700BF05
:1054000020128DF80400E0B28DF8050028128DF806
:105410000600E8B28DF8070006F00100A0B101AA6D
:1054200002214FF4EA7000F0DFFF10B14FF0FF30BF
:1054300082E70DF1060202214FF4927000F0D4FFD2
:1054400010B14FF0FF3077E706F00200A0B101AADB
:1054500002214FF4EC7000F0C7FF10B14FF0FF30A5
:105460006AE70DF1060202214FF4947000F0BCFFD0
:1054700010B14FF0FF305FE706F00400A0B101AAC1
:1054800002214FF4EE7000F0AFFF10B14FF0FF308B
:1054900052E70DF1060202214FF4967000F0A4FFCE
:1054A00010B14FF0FF3047E7002045E700004843C8
:1054B000000040460000C045000040450000C044D8
:1054C00038B50446052094FBF0F085B228128DF81B
:1054D0000000E8B28DF801006A4602214FF4EF7037
:1054E00000F082FF38BD38B50446052094FBF0F08B
:1054F00085B228128DF80000E8B28DF801006A46E6
:1055000002214FF4ED7000F06FFF38BD70B5054615
:10551000284600F00FF80446E81C00F00BF844EAB7
:10552000C00084B2A81D00F005F844EA801084B2DF
:10553000204670BD014691F90020002A01DD0020BF
:105540001EE091F90020002A01DA042018E091F908
:105550000120002A01DD012012E091F90120002A3A
:1055600001DA05200CE091F90220002A01DD022079
:1055700006E091F90220002A01DA062000E0072067
:1055800070470000FBF7D4FDFEF7F6FBFDF7CEFBFE
:10559000FDF7ACFCFDF7FEFCFDF78AFC1648006841
:1055A00040F08070144908600020144948600846A3
:1055B000006840F0010008601148FCF7DBFA114870
:1055C000FCF70EFB00210E48FCF77CFD04210C4883
:1055D000FCF778FD08210A48FCF774FD0C21084807
:1055E000FCF770FDFEF7A8FA00F05CFFFDF7F6FA95
:1055F00000F06EFF00BFFEE7FCED00E0001000E0F1
:10560000040500204C05002070B50446002624F057
:105610000104184890F8240008B1002070BD154816
:10562000807A10B94FF0FF30F8E71248057C807A95
:105630002040104908740846007CA04202D04FF078
:10564000FF3600E0002614B90A48007D18B1012099
:1056500001F0F0FF02E0002001F0ECFF3CB100F0AF
:105660006DFA20B1034805744FF0FF30D6E730469D
:10567000D4E700000000002001461148407A30B114
:10568000012807D0022808D003280CD108E0022006
:1056900008700BE00420087008E00820087005E09E
:1056A0001020087002E04FF0FF30704700BF044840
:1056B000C07C18B108784006000E08700020F4E79E
:1056C0000000002010B586B0044680208DF8100040
:1056D0004000012104AACDE9002102903F48006862
:1056E000427D3E484068017801233D48FBF71CFCA1
:1056F00018B14FF0FF3006B010BD6420FAF76EFF0E
:1057000000208DF810004FF48070012104AACDE92B
:105710000021029031480068427D3048406801789D
:1057200001232F48FBF700FC10B14FF0FF30E2E7F8
:1057300000212A48C174FF218172FF202749087285
:10574000FF2126484172C1724FF6FF71C181FF21CE
:10575000017481740121017380F82210002180F806
:105760002310417501751630016041608160163863
:1057700080F8241080F82510C1844FF4FA6000F0FE
:1057800089FC10B14FF0FF30B5E7022000F00AFBB2
:1057900010B14FF0FF30AEE72A2000F009FD10B144
:1057A0004FF0FF30A7E7322000F04EFD10B14FF070
:1057B000FF30A0E70020FFF727FF10B14FF0FF30C8
:1057C00099E7002000F03AFB10B14FF0FF3092E76C
:1057D000002000F091FD00208DE700000000002077
:1057E000B00400202DE9F04389B005460E469046EE
:1057F00099462D4890F8250020B14FF0FF3009B0B0
:10580000BDE8F08316B94FF0FF30F8E7002423E03D
:10581000281B102801DD102000E0281B87B2321958
:105820003946204600F0E0FD10B14FF0FF30E6E7CA
:1058300005AA3946204600F033F910B14FF0FF3089
:10584000DDE730193A4605A9FAF72AFD10B16FF0E5
:105850000100D4E7E01984B2AC42D9DB4FEA28203A
:105860008DF8100008F0FF008DF811004FF48070E3
:10587000022104AACDE9002102900B480068427F72
:1058800009484068017801230848FBF74DFB10B137
:105890004FF0FF30B3E70121034880F82510A0F84E
:1058A00026900020ABE7000000000020B00400209C
:1058B0001FB50446282C03DD4FF0FF3004B010BDA7
:1058C00014BB002000F034FC00208DF80C000720F1
:1058D0008DF80D004FF48070022103AACDE900215C
:1058E000029031480068427D2F48406801780123CA
:1058F0002E48FBF719FB10B14FF0FF30DEE7002117
:10590000294801750020D9E7012000F011FC202072
:105910008DF80C00012C06D100208DF80D0005201B
:1059200000F046FC17E0052C06DC01208DF80D0088
:10593000052000F03DFC0EE0142C06DC02208DF862
:105940000D000A2000F034FC05E003208DF80D0066
:10595000142000F02DFC9DF80D00072101EB8010B4
:10596000C0B28DF80D004FF48070022103AACDE97A
:10597000002102900C480068427D0B484068017885
:1059800001230A48FBF7D0FA10B14FF0FF3095E73A
:105990000821054881720021017301210175002051
:1059A000FFF732FE002089E700000020B00400204D
:1059B0002DE9FF4104460F461646374890F824006B
:1059C00020B94FF0FF3004B0BDE8F0813248807A52
:1059D00010B94FF0FF30F6E74FF48070022103AAB0
:1059E000CDE9002102902C480068027B2A484068DB
:1059F000017801232948FBF7DDF810B14FF0FF30A3
:105A0000E1E79DF80D009DF80C1040EA0125A54244
:105A100003DA00203070401ED5E71F4840684088F8
:105A2000B5EB600F1EDD4FF48070012103AACDE9B4
:105A30000021029018480068C27C1748406801782D
:105A400001231648FBF7B6F810B14FF0FF30BAE764
:105A50009DF80C0000F0100020B100F06FF86FF01E
:105A60000100B0E74FF48070CDE9007402900A485D
:105A70000068427B08484068017801230748FBF72B
:105A800099F810B14FF0FF309DE795FBF4F0401E00
:105A90003070002097E7000000000020B0040020D4
:105AA0007FB504460D4616461EB94FF0FF3004B0D0
:105AB00070BD2048807A10B94FF0FF30F7E7201210
:105AC0008DF80C00E0B28DF80D009DF80D00284413
:105AD000184949684989884202DD4FF0FF30E6E7FE
:105AE0004FF48070022103AACDE9002102901148F1
:105AF0000068C27E0F484068017801230E48FBF71A
:105B000013FA10B14FF0FF30D1E74FF48070CDE9B8
:105B10000065029007480068027E064840680178E8
:105B200001230548FBF746F810B14FF0FF30BEE700
:105B30000020BCE700000020B00400201FB59748FB
:105B4000807A18B94FF0FF3004B010BD00200390E8
:105B50004FF48070012103AACDE9002102908F4803
:105B60000068427C8D484068017801238C48FBF72F
:105B7000DBF910B14FF0FF30E6E74FF48070012100
:105B800003AACDE900210290844800684279834845
:105B90004068017801238248FBF7C6F910B14FF045
:105BA000FF30D1E74FF48070012103AACDE9002135
:105BB00002907A48006802797848406801780123A9
:105BC0007748FBF7B1F910B14FF0FF30BCE77348ED
:105BD00090F82400002870D00C2003904FF48070BF
:105BE000012103AACDE9002102906C4800680279E6
:105BF0006A484068017801236948FBF795F910B1BC
:105C00004FF0FF30A0E73220FAF7E8FCC020039005
:105C10006248807A00F0010020B19DF80C0040F04D
:105C2000200003904FF48070012103AACDE90021E8
:105C300002905A4800680279584840680178012368
:105C40005748FBF771F910B14FF0FF307CE753482C
:105C5000407C10B10220039001E0002003904FF43B
:105C60008070012103AACDE9002102904B48006811
:105C7000427C4A484068017801234948FBF754F9BF
:105C800010B14FF0FF305FE7002003904FF48070B9
:105C9000012103AACDE90021029040480068427921
:105CA0003E484068017801233D48FBF73DF9002854
:105CB00072D04FF0FF3047E7FFE7042003908001E8
:105CC000012103AACDE9002102903448006802793D
:105CD00032484068017801233148FBF725F910B1BB
:105CE0004FF0FF3030E72D48807C20B92B48807A78
:105CF00000F0010010B94020039001E06020039003
:105D00004FF48070012103AACDE9002102902348BD
:105D10000068027921484068017801232048FBF798
:105D200003F910B14FF0FF300EE73220FAF756FCBE
:105D30001A48407C10B10120039001E0002003903C
:105D40004FF48070012103AACDE90021029013488D
:105D50000068427C11484068017801231048FBF735
:105D6000E3F810B14FF0FF30EEE64FF480710122FE
:105D70000A481030CDE901210090103800684279BE
:105D800006484068017801230548FBF7CDF810B1BB
:105D90004FF0FF30D8E6FFE70020D5E600000020F6
:105DA000B00400201FB504462248807A18B94FF08D
:105DB000FF3004B010BD022C06D0042C07D0082CF4
:105DC00008D0102C0CD108E0002003900BE0082034
:105DD000039008E01020039005E01820039002E0F3
:105DE0004FF0FF30E5E700BF1248407A9DF80C10F5
:105DF000B0EBE10F01D10020DBE74FF4807001210F
:105E000003AACDE9002102900A480068C279094836
:105E10004068017801230848FBF786F810B14FF07D
:105E2000FF30C6E79DF80C00C11002484172002007
:105E3000BFE7000000000020B00400201FB50446AA
:105E40006648807CA04202D1002004B010BD002C26
:105E50005BD04FF48070012103AACDE900210290AC
:105E60005E48006802795D484068017801235C481B
:105E7000FAF7A0FE10B14FF0FF30E6E79DF80C00F6
:105E800020F0200003904FF48070012103AACDE997
:105E9000002102905148006802795048406801781A
:105EA00001234F48FBF740F810B14FF0FF30CCE72B
:105EB0000320FAF793FB02200390484890F8220051
:105EC00020B19DF80C0040F080000390434890F80A
:105ED000230020B19DF80C0040F0300003904FF4F7
:105EE0008070012103AACDE9002102903B4800689F
:105EF000C27D3A484068017801233948FBF714F81D
:105F0000002866D04FF0FF309FE74FF480700121EA
:105F100003AACDE9002102903048006802792F4899
:105F20004068017801232E48FAF744FE10B14FF083
:105F3000FF308AE72948807A00F0010028B19DF8F7
:105F40000C0040F02000039004E09DF80C0020F0CD
:105F5000200003904FF48070012103AACDE90021B5
:105F600002901E48006802791C48406801780123AD
:105F70001B48FAF7D9FF10B14FF0FF3065E7032057
:105F8000FAF72CFB154890F8220010B180200390FE
:105F900001E000200390114890F8230020B19DF803
:105FA0000C0040F0300003904FF48070012103AAF0
:105FB000CDE90021029009480068C27D0748406889
:105FC000017801230648FAF7AFFF10B14FF0FF3018
:105FD0003BE702488474002037E7000000000020FF
:105FE000B00400201FB50446284890F82400A042C1
:105FF00002D1002004B010BD5CB3244890F8250005
:1060000010B94FF0FF30F5E7002001F013FB00203E
:10601000FFF714FF1D49C88C00F016F9002003900B
:106020004FF48070012103AACDE9002102901748A6
:1060300040680178012323221548FAF775FF0121F2
:10604000124880F82410012001F0F4FAFFF776FDE1
:106050001AE0002001F0EEFA0C48007C03904FF4A7
:106060008070012103AACDE9002102900748406811
:106070000178012323220648FAF756FF002103483E
:1060800080F82410FFF75AFD0020B3E7000000203D
:10609000B00400201FB504462348807A18B94FF099
:1060A000FF3004B010BDFA2C09D0B4F5FA7F09D046
:1060B000B4F57A7F09D0B4F5FA6F0CD108E000206E
:1060C00003900BE00820039008E01020039005E007
:1060D0001820039002E04FF0FF30E2E700BF1248C3
:1060E000007A9DF80C10B0EBE10F01D10020D8E749
:1060F0004FF48070012103AACDE9002102900A48E3
:106100000068827908484068017801230748FAF757
:106110000BFF10B14FF0FF30C3E79DF80C00C0102B
:10612000014908720020BCE700000020B0040020F4
:106130001FB504461C4890F82300A04202D100205D
:1061400004B010BD14B13020039001E00020039092
:106150001548807C20B19DF80C0040F002000390AF
:10616000114890F8220020B19DF80C0040F080000A
:1061700003904FF48070012103AACDE90021029021
:1061800009480068C27D0848406801780123074833
:10619000FAF7CAFE10B14FF0FF30D1E7024880F89D
:1061A00023400020CCE7000000000020B0040020C5
:1061B0001FB504462248807A18B94FF0FF3004B06A
:1061C00010BDBC2C02DB0120039015E0622C02DB29
:1061D0000220039010E02A2C02DB032003900BE046
:1061E000142C02DB0420039006E00A2C02DB0520BD
:1061F000039001E0062003901148C07A9DF80C102E
:10620000884201D10020DAE74FF48070012103AA0F
:10621000CDE9002102900A48006882780848406869
:10622000017801230748FAF77FFE10B14FF0FF30E5
:10623000C5E79DF80C100248C1720020BFE70000BE
:1062400000000020B00400201FB504462848807AD2
:1062500018B94FF0FF3004B010BD254890F8240065
:1062600010B14FF0FF30F6E72148007D50B134B156
:10627000282C04DC2046FFF71BFB0020EBE7002066
:10628000FFF716FB042C01DA042404E0B4F57A7F4E
:1062900001DD4FF47A744FF47A7090FBF4F0401EF5
:1062A000C0B203904FF48070012103AACDE9002110
:1062B00002900F48006842780D4840680178012339
:1062C0000C48FAF731FE10B14FF0FF30C3E79DF8EC
:1062D0000C00401C4FF47A7191FBF0F081B204483D
:1062E000C1810146C9894810FFF762FF0020B2E76B
:1062F00000000020B00400201FB5044604F0700028
:1063000010B10120039005E014B10020039001E0DA
:10631000402003904FF48070012103AACDE90021B1
:1063200002902F480068427D2D4840680178012383
:106330002C48FAF7F9FD28B1002129488172481E3E
:1063400004B010BD9DF80C0020F0400124480173FA
:106350000020039004F0400020B99DF80C0040F0AC
:106360000400039004F0200020B99DF80C0040F0D8
:106370000200039004F0100020B99DF80C0040F0DA
:106380000100039004F0080020B99DF80C0040F0D3
:10639000380003904FF48070012103AACDE9002159
:1063A00002900F480068827D0D4840680178012303
:1063B0000C48FAF7B9FD20B1002109488172481E46
:1063C000BEE724B1082C02D00020FFF7B1FE04483C
:1063D0008472002101753220FAF700F90020AFE73E
:1063E00000000020B00400207FB504460D4616468C
:1063F0001EB94FF0FF3004B070BD2048807A10B94C
:106400004FF0FF30F7E720128DF80C00E0B28DF866
:106410000D009DF80D0028441849496849898842B3
:1064200002DD4FF0FF30E6E74FF48070022103AA4F
:10643000CDE90021029011480068C27E0F484068F3
:10644000017801230E48FAF76FFD10B14FF0FF30CD
:10645000D1E74FF48070CDE90065029007480068ED
:10646000027E06484068017801230548FAF75CFD82
:1064700010B14FF0FF30BEE70020BCE70000002065
:10648000B004002070B50546FDF756FE10B16FF060
:10649000050404E0002415B1284601F095FB2046D0
:1064A00070BD000010B5FDF747FE10B16FF0050498
:1064B00009E00648006820B901200449086000246A
:1064C00001E04FF0FF34204610BD00009401002091
:1064D00070B5FDF731FE10B16FF005041FE01148F3
:1064E0000068012819D100BF801F0021002804DBAB
:1064F0000A07130E0C4A135406E00A07150E0B4A3E
:1065000000F00F031B1FD55400BF00BF0220054938
:10651000086001F0D5FB002401E04FF0FF34204675
:1065200070BD00009401002000E400E018ED00E0E0
:106530002DE9F84307460D4691461C463E464FF06E
:106540000008FDF7F9FDE0B10EB105B114B16FF02F
:10655000030828E0002000906A462946304601F0F2
:10656000E1FF012802D06FF002081CE00098D0B1D2
:106570004FF080500D490860BFF34F8FBFF36F8F0E
:1065800011E006B115B96FF003080CE02246294668
:10659000304601F013FF012805D014B16FF0010857
:1065A00001E06FF002084046BDE8F88304ED00E02A
:1065B0002DE9F84305460E4614464FF00009FDF755
:1065C000BBFD00283ED1002D3CD0002E3AD0471E06
:1065D000BCB1A06858B1E068502808D3206930B138
:1065E00005FB06F06169814201D301270AE0A0683A
:1065F00040B9E06830B9206920B9606910B9002756
:1066000000E00027012F09D10020009031462846E4
:10661000A368226901F0C3FC814606E02FB900227D
:106620003146284601F08EFC8146B9F1000F09D0B1
:1066300014B1D4F8008001E04FF00008414648460C
:1066400001F086FA4846BDE8F88300002DE9F843DA
:1066500007460D4691461C463E464FF00008FDF7A2
:106660006BFDE8B10EB105B114B16FF003082AE07B
:106670000020009000236A462946304601F020FEA3
:10668000012802D06FF002081DE00098D8B14FF049
:1066900080500E490860BFF34F8FBFF36F8F12E039
:1066A00006B115B96FF003080DE000232246294614
:1066B000304601F031FD012805D014B16FF001081A
:1066C00001E06FF002084046BDE8F88304ED00E009
:1066D0002DE9FF4780468946144600200390FDF7C8
:1066E0002BFD00284ED1B8F1000F4BD08026182585
:1066F0008246471E44B3206808B1D4F800A0A069C0
:1067000000B1A5692DB1382D03D8207900F0010022
:1067100018B1002004B0BDE8F087606908B1606975
:106720008608A06840B1E0685C2805D3206918B1EC
:10673000606908B1012708E0A06830B9E06820B9B5
:10674000206910B9002700E00027012F0CD1216932
:10675000A0684B463246CDE9005102905146404672
:1067600001F0BEFF03900DE067B903A8B2B24B463B
:106770005146CDE90050404601F080FF012801D08C
:10678000002003900398C5E72DE9FE4F0646894691
:1067900092461C4600200290FDF7CEFC00284BD10B
:1067A000002E49D0082000F077FE0546002D43D08A
:1067B0002E60C5F804A0B9F1000F01D1002700E058
:1067C00001274FF0FF384FF0000B94B1206808B15B
:1067D000D4F800B0A06828B1E0682C2802D34FF0AC
:1067E000010808E0A06830B9E06820B94FF000085F
:1067F00001E04FF00008B8F1010F0BD11049A0687B
:106800002B463A46CDE900100121584602F0B9F96D
:1068100002900BE0B8F1000F08D109482B463A4628
:1068200001210090584602F091F90290029818B99F
:1068300015B1284601F0EAF80298BDE8FE8F000085
:10684000974000082DE9F04105460E4616480768B6
:1068500016480068001D01F02FF8681C38B936B1E1
:1068600012480168091D124801F07CF81AE07C19F1
:106870000E4800684460BC4207D20C480168091DFC
:106880000C48006801F054F80CE008480168091D44
:106890000948006801F04CF808480068844201D2B9
:1068A00006480460BDE8F081580100204401002042
:1068B000CC0A00204C010020480100207401002077
:1068C00010B5044601F05AF824480068401C2349DA
:1068D00008602348006840B9214804600846006801
:1068E00001280DD100F02AFA0AE01E48006838B9E4
:1068F0001B480068C06AE16A884201D818480460F1
:1069000019480068401C184908600846006860641F
:106910001649E06A0968884202D91449E06A0860A9
:10692000E16A01EB8101124A02EB8100211D01F0B5
:1069300019F801F04DF80B48006868B10848006884
:10694000C06AE16A884207D24FF080500949086066
:10695000BFF34F8FBFF36F8F10BD000054010020B5
:106960004401002060010020700100205C01002033
:106970001C06002004ED00E008B500F0FFFF1248FF
:106980000068E8B9114800F0C3FF114800F0C0FFEB
:106990000E48104908600E480F49086000200F4B50
:1069A0000F4A102100900A2001F0F9FA0649086008
:1069B0000846006820B10BA10348006801F0C8F840
:1069C00001F006F808BD000088010020E00A002060
:1069D000F40A00208001002084010020080B002020
:1069E000580B0020546D72510000000010B516E0E5
:1069F00000F0C4FF0C48C068C468201D00F05CFFB4
:106A00000A480068401E0949086009480068401E9D
:106A10000749086000F0DCFF204600F05FF80448FA
:106A200000680028E4D110BDB80A002054010020FD
:106A30005001002070B504460D46206C70B1216CE9
:106A4000E0680144E160D4E90210884201D3216882
:106A5000E1602846226CE168F9F74EFC70BD2DE933
:106A6000F04104460F4615464FF00008A66B206C17
:106A700048B9206800282CD1A06801F047FF804663
:106A80000020A06025E07DB93946226C6068F9F7E6
:106A900033FC216C606808446060D4E901018842DD
:106AA00017D32068606014E03946226CE068F9F77B
:106AB00023FC216CE068411AE1602168E0688842AB
:106AC00003D2216CA068411AE160022D01D106B108
:106AD000761E701CA0634046BDE8F08110B50446E8
:106AE00094F8590030B9206B00F090FF204600F078
:106AF0008DFF1AE094F85900012803D1204600F0D8
:106B000085FF12E094F85900022801D1012000E02D
:106B1000002050B900BF502080F31188BFF34F8F81
:106B2000BFF36F8F00BF00BFFEE710BD0146084AEC
:106B3000126812680AB9012200E000220A600A689D
:106B400022B9034A1268D268106800E0002070473A
:106B50008001002030B54FF40053174800F00704BF
:106B60002CB1C01D20F00700134C041B1B1B024658
:106B7000124C22600024114D6C60D018083820F0AF
:106B800007000F4C206000240D4D2D686C600C4DEB
:106B90002D682C601146441A4C60094C24680C6026
:106BA000084D4C682C60084D4C682C604FF0004438
:106BB000064D2C6030BD0000B0120020980100206E
:106BC000A0010020A8010020A4010020B4010020A1
:106BD00000BFFFF70BFF064800680128F9D94FF006
:106BE000805004490860BFF34F8FBFF36F8FF0E709
:106BF0001C06002004ED00E02DE9F04106460D469C
:106C000017469846069C0DB9246000E02760E663AD
:106C100025640121204601F033FA84F84C80BDE858
:106C2000F0812DE9F05F82460E4690469B460A9F12
:106C30000C9C4FEA8801A522206BF9F7A2FBA8F172
:106C40000100216B01EB800929F0070909F0070019
:106C500008B9012000E0002050B900BF502080F3A7
:106C60001188BFF34F8FBFF36F8F00BF00BFFEE7E8
:106C700086B1002507E0715D04F134004155705D77
:106C800000B902E06D1C102DF5D300BF0021432098
:106C9000015502E0002084F83400382F00D3372754
:106CA000E762E76400202065201D00F03EFE04F14D
:106CB000180000F03AFE2461C7F13800A061646258
:106CC0000020606584F858005A465146484600F056
:106CD0009FFC20600B9808B10B980460BDE8F09F02
:106CE0002DE9F04706460D4617469846DDE908941B
:106CF0000DB1012000E0002050B900BF502080F30A
:106D00001188BFF34F8FBFF36F8F00BF00BFFEE747
:106D10008CB1FFF731FE2660A561C4F81C80C4F871
:106D20002090201D00F001FE2FB194F8280040F0C3
:106D3000040084F82800BDE8F087000010B50024A6
:106D400007E004EB84010F4A02EB810000F0E0FD54
:106D5000641C382CF5D30C4800F0DAFD0B4800F029
:106D6000D7FD0B4800F0D4FD0A4800F0D1FD0A48D9
:106D700000F0CEFD0448094908600448084908604D
:106D800010BD00001C0600207C0A0020900A002094
:106D9000A40A0020B80A0020CC0A002048010020E4
:106DA0004C01002010B50146164800E00068036859
:106DB0008B42FBD30246436813448B4204D14368A1
:106DC0004C682344436001460A464B6813440468F8
:106DD000A34211D10C4C03682468A34208D04B682D
:106DE0000468646823444B6003681B680B6005E01B
:106DF000054B1B680B6001E003680B60884200D004
:106E0000016010BD98010020A00100202DE9F04193
:106E100004460D4616461F464FF000086560246183
:106E2000B5420CD8F01BA169884202D34FF001088B
:106E300011E0211D0948006800F07AFD0BE0BE4218
:106E400004D2BD4202D34FF0010804E0211D0448E2
:106E5000006800F06DFD4046BDE8F081840100202F
:106E60008001002070B5054600F088FDA86B08B9C8
:106E7000012400E0002400F0ABFD204670BD70B599
:106E8000054600F07BFDA86BE96B884201D1012427
:106E900000E0002400F09CFD204670BDF8B50546DA
:106EA0000F461A480068C068C468201D00F004FD41
:106EB00094F8280000F00400E8B1A06941192B46BD
:106EC0003A462046FFF7A2FFD8B1002003462A46E3
:106ED00001460090204601F0C9FE064656B900BFA3
:106EE000502080F31188BFF34F8FBFF36F8F00BF27
:106EF00000BFFEE705E094F8280020F0010084F8C8
:106F000028002046216A8847F8BD00008001002043
:106F1000F0B587B0A0E00398002811DA04AE56B9A6
:106F200000BF502080F31188BFF34F8FBFF36F8FE6
:106F300000BF00BFFEE7D6E90020B168904700BF60
:106F400003980028E6DB059C606908B9012000E091
:106F5000002010B9201D00F0AFFC02A800F0DEF800
:106F6000054603980A2875D2DFE800F009050739BD
:106F7000416306083A4200BF00BF00BF00BF94F85B
:106F8000280040F0010084F828000498A2698118C4
:106F900003462A462046FFF739FFF8B12046216A0A
:106FA000884794F8280000F00400B8B10020009051
:106FB0000498A169421800231946204601F056FEA4
:106FC000074657B900BF502080F31188BFF34F8F99
:106FD000BFF36F8F00BF00BFFEE700BF3BE000BF05
:106FE00094F8280020F0010084F8280033E000BF66
:106FF00094F8280040F0010084F828000498A0616B
:10700000A06908B1012000E0002050B900BF502065
:1070100080F31188BFF34F8FBFF36F8F00BF00BFA6
:10702000FEE7A06941192B462A462046FFF7EEFEEF
:1070300011E094F8280000F0020018B9204600F092
:10704000E5FC05E094F8280020F0010084F8280011
:1070500001E0FFE700BF00BF002203A90448006869
:1070600001F0ACF900287FF456AF07B0F0BD000086
:1070700088010020F8B505460C4600F07DFE684604
:1070800000F04CF80646009820BB44B9B54206D83B
:1070900001F0DAFC31462846FFF700FF1CE03CB166
:1070A0000E480068006808B9012000E0002004468E
:1070B000A91B22460A48006800F060FD01F0C4FCEC
:1070C00050B94FF0805007490860BFF34F8FBFF3AE
:1070D0006F8F01E001F0B8FCF8BD000084010020D2
:1070E0008801002004ED00E00A490968096809B92F
:1070F000012100E0002121B14FF0FF31064A11606B
:1071000006E004490968C968C868034A4168116013
:1071100070470000480100207401002070B504464B
:1071200001F04CFB054607480068854204D200F098
:107130000BF80120206001E000202060014805607C
:10714000284670BD900100202DE9F84334E0254821
:107150000068C068056823480068C068C468201DCE
:1071600000F0AAFB2046216A884794F8280000F026
:10717000040008B3A0694619AE4207D966602461CD
:10718000211D1848006800F0D3FB15E000200346DD
:107190002A4601460090204601F068FD074657B98F
:1071A00000BF502080F31188BFF34F8FBFF36F8F64
:1071B00000BF00BFFEE700BF0A480068006808B9CA
:1071C000012000E000200028C1D00648D0F800804F
:1071D00005480068034908600348C0F80080BDE81E
:1071E000F883000080010020840100200E48006820
:1071F000401C08B9012000E0002050B900BF502019
:1072000080F31188BFF34F8FBFF36F8F00BF00BFB4
:10721000FEE700BF502080F31188BFF34F8FBFF30C
:107220006F8F00BF00BFFEE7B801002008B500BFA8
:107230006846FFF77BFC044620460099FFF71AFFDB
:10724000FFF766FEF4E770B5044600F097FB94F98B
:10725000455010E0606A08B9012000E0002038B90C
:1072600004F1240001F0A4FB18B100F0E7FC00E0F9
:1072700003E0681E45B2002DECDC00BFFF2084F85F
:10728000450000F0A5FB00F079FB94F9445010E0B4
:10729000206908B9012000E0002048B904F110007D
:1072A00001F086FB08B100F0C9FC681E45B200E0A1
:1072B00001E0002DECDC00BFFF2084F8440000F06A
:1072C00087FB70BD0024002500BF00BFFCF74AFB10
:1072D0000546012D03D104B900E000200446002C2E
:1072E0003BD1681F0C282FD2DFE800F006120A0EEF
:1072F0002E2E2E2E1E162E1A5A485B4908602BE0A1
:107300005A485949086027E058485949086023E01D
:107310005448574908601FE05648574908601BE029
:1073200056485549086017E05548007830B90120A3
:10733000534908704B485349086004E00020504905
:1073400008705049086007E0002047490860484934
:1073500008604949086000BF80E00720FCF7A2FAF6
:10736000494908700820FCF79DFA48490870052033
:10737000FCF798FA464908704348007802F062FC2E
:1073800006464FF0864102F0DDFD374908603F4870
:10739000007802F057FC06464FF0864102F0D2FD1D
:1073A000334908603A48007802F04CFC06464FF03A
:1073B000864102F0C7FD304908602B48006802F0A2
:1073C00057FA21F0004106460022324B01F004FF3B
:1073D00002D20020244908602548006802F048FADB
:1073E00021F00041064600222A4B01F0F5FE02D2B0
:1073F00000201F4908602048006802F039FA21F097
:10740000004106460022234B01F0E6FE02D2002096
:107410001949086013491448006802F05BFC0646ED
:107420004FF0864102F0C4FA0F4908600D49104838
:10743000006802F04FFC06464FF0864102F0B8FAB1
:107440000B49086007490C48006802F043FC0646F7
:107450004FF0864102F0ACFA07490860142000F0B2
:10746000B3FB33E70000C842C80000200000C8C2D8
:10747000CC0000200000F041D40000200000F0C14A
:10748000BE000020D8000020ED000020EE0000200B
:10749000EF000020000024402DE9F04104464FF0A9
:1074A000000800F069FC4948006808B9FFF752FB82
:1074B000474800682040002870D1D4B1083404F057
:1074C0000700B0B104F00700C0F10800044404F064
:1074D000070008B9012000E0002050B900BF50208B
:1074E00080F31188BFF34F8FBFF36F8F00BF00BFD2
:1074F000FEE7002C52D03748006884424ED8364E02
:107500003046056801E02E462D686868A04202D228
:1075100028680028F7D12D48006885423ED03068A1
:1075200000F10808286830606868001B102819D925
:107530002F1907F0070008B9012000E0002050B91A
:1075400000BF502080F31188BFF34F8FBFF36F8FC0
:1075500000BF00BFFEE76868001B78606C603846BB
:10756000FFF720FC1B4968680968081A1949086078
:107570000846006819490968884203D2154800681E
:107580001649086012496868096808436860002065
:10759000286013480068401C1149086001F054FA43
:1075A00008F0070008B9012000E0002050B900BF32
:1075B000502080F31188BFF34F8FBFF36F8F00BF50
:1075C00000BFFEE74046BDE8F0810000A0010020BA
:1075D000B4010020A401002098010020A80100208F
:1075E000AC01002070B50446254654B900BF5020B8
:1075F00080F31188BFF34F8FBFF36F8F00BF00BFC1
:10760000FEE700F0BBF9EE6900F0E2F9304670BD2C
:10761000001F4FF080730360001F21F0010303601F
:10762000001F034B036014380260203870470000CD
:10763000ED7100081FB50446284890F8240000B3F7
:1076400014B10220039001E0002003904FF48070F9
:10765000012103AACDE90021029020480068427C64
:107660001E484068017801231D48F9F75DFC18B1F8
:107670004FF0FF3004B010BD9DF80C101748417456
:107680002AE01648807A10B94FF0FF30F2E724B1B3
:107690001248407C08B10020ECE714B101200390AF
:1076A00001E0002003904FF48070012103AACDE98E
:1076B0000021029009480068427C0848406801782F
:1076C00001230748F9F730FC10B14FF0FF30D1E744
:1076D0009DF80C10014841740020CBE70000002009
:1076E000B00400202DE9F84304460246524869469A
:1076F000B0EB420F09D94FF0E640B0EB420F94BF18
:1077000000204FF0FF30009030E04C4B22F0004062
:10771000834271D94A49204602F0DCFA02F0D8FBD4
:10772000804602F03BFA00F00300009045494046D5
:1077300002F0D0FA05464449404602F0CBFA06462C
:107740004249404602F0C6FA07464149404602F027
:10775000C1FA214602F0ECFB394602F0F3FB314658
:1077600002F0F0FB294602F0EDFB04462546009CA2
:10777000002C45DB294614F0010F08461ED002F00C
:10778000A9FA0546334902F0A5FA334902F09CF8FC
:10779000294602F09FFA314902F096F8294602F094
:1077A00099FA4FF07E5102F08FF814F0020F08BFE3
:1077B000BDE8F88380F00040BDE8F88302F08AFA63
:1077C0000646274902F086FA264902F0B1FB314607
:1077D00002F080FA244902F077F8314602F07AFA92
:1077E000294602F077FA294602F06EF814F0020FEB
:1077F000E0D1BDE8F883FFE71046FCF715FDB4E7DC
:107800006800B0F17F4F09D22846FCF765FC0428D8
:1078100008BFFCF704FD2846BDE8F88306D1012027
:10782000F8F7E6FDBDE8F843FCF7F5BC2846BDE8EF
:10783000F843FCF7EDBC0000B61F927E490E4946A6
:1078400083F9223F1A61342C0020A23300A0FD39B5
:107850000000C93FB93AB2BACA9F2A3DDDFFFFBE58
:10786000336D4C39DA82083CA0AA2ABE2DE9F041DA
:1078700006460F4601F02CFE041E0D4618BF0120DF
:10788000284320F00040C0F17F6000F1E040C00FCD
:107890000ED0301C18BF0120384320F00040C0F14A
:1078A0007F6000F1E040C00F04BF0120F8F7A0FDA9
:1078B00020462946BDE8F08101460A69D1E9013038
:1078C0009860D1E9010358605068884201D1886806
:1078D0005060002008611068401E106010687047FA
:1078E000034B0360034B0B60802313607047000061
:1078F000F80B0020540C0020034B0360034B0B607B
:107900004FF4807313607047540E0020B00E0020B7
:1079100000F1080141604FF0FF31816000F1080182
:10792000C160016100210160704700210161704761
:1079300010B502460B685C1C0CB9106907E002F137
:10794000080000E04068446824689C42FAD9446812
:107950004C604C68A160886041600A611468641CD6
:10796000146010BD42684A6093688B6093685960E8
:107970009160086103685B1C0360704700BF502082
:1079800080F31188BFF34F8FBFF36F8F00BF0E4896
:107990000068401C0C49086008460068012812D1A4
:1079A0000A480068C0B208B9012000E0002050B9C0
:1079B00000BF502080F31188BFF34F8FBFF36F8F4C
:1079C00000BF00BFFEE77047B801002004ED00E0F3
:1079D0000D48006850B900BF502080F31188BFF3F4
:1079E0004F8FBFF36F8F00BF00BFFEE706480068F0
:1079F000401E054908600846006820B9002080F351
:107A0000118800BF00BF7047B801002070B506465E
:107A10003546002E44D0083D2C462249606809684E
:107A2000084008B1012000E0002050B900BF5020FC
:107A300080F31188BFF34F8FBFF36F8F00BF00BF7C
:107A4000FEE7206808B9012000E0002050B900BF1F
:107A5000502080F31188BFF34F8FBFF36F8F00BFAB
:107A600000BFFEE70F49606809680840C0B12068A0
:107A7000B0B90C49606809688843606000F07CF91F
:107A80000949606809680844074908602046FFF70B
:107A900089F906480068401C0449086000F0D4FFDA
:107AA00070BD0000B4010020A4010020B00100203E
:107AB00000204FF0E02108618861064800684FF41B
:107AC0007A71B0FBF1F0401E4FF0E02148610720D1
:107AD000086170474001002070B5F8F7BDFB04460F
:107AE000102C16D304F1E02090F8F05315480078DC
:107AF000854201DB012000E0002050B900BF50208A
:107B000080F31188BFF34F8FBFF36F8F00BF00BFAB
:107B1000FEE70D48006800F4E0600C4909688842FF
:107B200001D8012000E0002050B900BF502080F3B0
:107B30001188BFF34F8FBFF36F8F00BF00BFFEE709
:107B400070BD0000BC0100200CED00E0C001002071
:107B5000024600200BE0084B53F8303033B9064B97
:107B600043F8301003EBC0035A6002E0401C0828C1
:107B7000F1D300BF70470000DC0500202DE9F04183
:107B800005460E4617462C46FFF7F8FE94F94400CA
:107B9000401C10B9002084F8440094F94500401CB2
:107BA00010B9002084F84500FFF712FFA06B28B938
:107BB0003A46314604F1240000F062F82046FFF70F
:107BC00042FBBDE8F081000070B504460025D4B149
:107BD0001248006808B9012000E0002050B900BF39
:107BE000502080F31188BFF34F8FBFF36F8F00BF1A
:107BF00000BFFEE700F0C0F800212046FEF722FE9D
:107C000000F022FF05463DB94FF08050044908605E
:107C1000BFF34F8FBFF36F8F70BD00007C0100205A
:107C200004ED00E003490968016003490968416007
:107C3000704700006C01002058010020012001491C
:107C4000086070476801002070B504460D4654B9BD
:107C500000BF502080F31188BFF34F8FBFF36F8FA9
:107C600000BF00BFFEE70548016818312046FFF756
:107C70005FFE01212846FEF7E5FD70BD44010020AE
:107C800070B505460E46144655B900BF502080F326
:107C90001188BFF34F8FBFF36F8F00BF00BFFEE7A8
:107CA0000648016818312846FFF75CFE0CB14FF01A
:107CB000FF3621463046FEF7C5FD70BD4401002069
:107CC00010B586B000200590049003AA04A905A869
:107CD000FFF706FE0022DDE904101346CDE900217E
:107CE00002901EA11F48039A00F0FAFC1E4908608A
:107CF0000846006808B1012400E00024012C02D1EC
:107D000000F078FF0446012C15D100BF502080F30D
:107D10001188BFF34F8FBFF36F8F00BF4FF0FF305D
:107D200012490860012012490860002011490860CA
:107D300000F072F810E0601C08B1012000E00020A3
:107D400050B900BF502080F31188BFF34F8FBFF3AD
:107D50006F8F00BF00BFFEE706B010BD49444C4521
:107D600000000000D16B00087801002074010020A1
:107D7000600100205801002002480068401C0149B1
:107D8000086070477C0100201E48006818B101207F
:107D90001D49086034E000201B4908601B48016849
:107DA0000CE051B900BF502080F31188BFF34F8F12
:107DB000BFF36F8F00BF00BFFEE7491E01EB8100DC
:107DC000134A52F8200008B9012000E000200028E2
:107DD000E7D101EB81020E4B03EB8200426852684F
:107DE000426000F108024368934202D1426852683F
:107DF00042604268D268074B1A600448016000BFC5
:107E0000704700007C010020680100205C01002018
:107E10001C060020440100201CB5384908460078A3
:107E20000190FF200A4610700846007800909DF8E7
:107E3000000000F0F0009DF80020904201D10120E8
:107E400000E0002050B900BF502080F31188BFF33C
:107E50004F8FBFF36F8F00BF00BFFEE79DF800009C
:107E600000F05000264A10700720264A106009E0F2
:107E700024480068401E234A10609DF80000400618
:107E8000000E00909DF8000000F080008028EFD0E8
:107E90001C480068C0F10700042801D1012000E05F
:107EA000002050B900BF502080F31188BFF34F8FDE
:107EB000BFF36F8F00BF00BFFEE7124800680002EB
:107EC000104A10601046008800F4E06010600B4A11
:107ED000019810700C48006840F470000A4908606E
:107EE0000846006840F070400860FFF7E1FD0020A0
:107EF00006490860F8F77AF900201CBD00E400E0AC
:107F0000BC010020C001002020ED00E0B8010020ED
:107F100010B500BF502080F31188BFF34F8FBFF31F
:107F20006F8F00BF00F050FC18B14FF08050044933
:107F3000086000BF002080F3118800BF10BD000062
:107F400004ED00E02DE9F84305460E4617460DB155
:107F5000012000E0002050B900BF502080F31188BC
:107F6000BFF34F8FBFF36F8F00BF00BFFEE705FB6E
:107F700006F808F15000FFF78FFA044664B1A146F5
:107F800009F15009002084F846003B464A46314634
:107F900028460094FEF730FE2046BDE8F8832DE920
:107FA000F84380460E4617461D46DDF82090B8F18E
:107FB000000F01D0012000E0002050B900BF502088
:107FC00080F31188BFF34F8FBFF36F8F00BF00BFE7
:107FD000FEE70DB1012000E0002050B900BF5020A5
:107FE00080F31188BFF34F8FBFF36F8F00BF00BFC7
:107FF000FEE707B10EB1012000E0002050B900BF3C
:10800000502080F31188BFF34F8FBFF36F8F00BFF5
:1080100000BFFEE707B90EB9012000E0002050B90B
:1080200000BF502080F31188BFF34F8FBFF36F8FD5
:1080300000BF00BFFEE7502000900098502801D1FB
:10804000012000E0002050B900BF502080F31188CB
:10805000BFF34F8FBFF36F8F00BF00BFFEE700BFBE
:108060002C464CB1012084F846004B463A46314636
:1080700040460094FEF7C0FD2046BDE8F8830000AE
:1080800070B505460E462C4654B900BF502080F30B
:108090001188BFF34F8FBFF36F8F00BF00BFFEE7A4
:1080A000FFF76CFCD4E90F12206801FB0200A0600E
:1080B0000020A06320686060E06B401E226C216895
:1080C00000FB0211E160FF2084F8440084F84500C1
:1080D0009EB9206908B9012000E00020A8B904F188
:1080E000100000F065FC80B14FF080500949086035
:1080F000BFF34F8FBFF36F8F07E004F11000FFF75E
:1081000007FC04F12400FFF703FCFFF761FC0120EA
:1081100070BD000004ED00E02DE9FF4383B006468A
:1081200088461D464FF00009344654B900BF502020
:1081300080F31188BFF34F8FBFF36F8F00BF00BF75
:10814000FEE7B8F1000F01D1206C08B9012000E072
:10815000002050B900BF502080F31188BFF34F8F2B
:10816000BFF36F8F00BF00BFFEE7022D02D1E06BAF
:10817000012801D1012000E0002050B900BF5020AB
:1081800080F31188BFF34F8FBFF36F8F00BF00BF25
:10819000FEE700F003FB08B9059808B9012000E0EC
:1081A000002050B900BF502080F31188BFF34F8FDB
:1081B000BFF36F8F00BF00BFFEE700BFFFF7DEFB1E
:1081C000A06BE16B884201D3022D28D12A4641469B
:1081D0002046FEF744FC0746606A08B9012000E02B
:1081E000002068B904F1240000F0E2FB88B14FF0F0
:1081F000805032490860BFF34F8FBFF36F8F08E0A4
:108200003FB14FF080502D490860BFF34F8FBFF34F
:108210006F8FFFF7DDFB012007B0BDE8F083059805
:1082200018B9FFF7D5FB0020F6E7B9F1000F04D12C
:1082300001A8FFF7F7FC4FF00109FFF7C9FBFFF7B3
:108240009BFDFFF79BFB94F94400401C10B90020F4
:1082500084F8440094F94500401C10B9002084F8CB
:108260004500FFF7B5FB05A901A800F0C1F9F0B979
:108270002046FEF704FEA0B104F110000599FFF7B7
:10828000E3FC2046FEF7DFFF00F0DEFB002895D17F
:108290004FF0805009490860BFF34F8FBFF36F8FD5
:1082A0008CE72046FEF7CFFF00F0CEFB86E72046A6
:1082B000FEF7C9FF00F0C8FB0020ADE704ED00E0C9
:1082C0002DE9F84F07468A4690461E463C4654B96B
:1082D00000BF502080F31188BFF34F8FBFF36F8F23
:1082E00000BF00BFFEE7BAF1000F01D1206C08B952
:1082F000012000E0002050B900BF502080F3118819
:10830000BFF34F8FBFF36F8F00BF00BFFEE7022E9A
:1083100002D1E06B012801D1012000E0002050B91A
:1083200000BF502080F31188BFF34F8FBFF36F8FD2
:1083300000BF00BFFEE7FFF7CFFB00BF5021EFF308
:10834000118081F31188BFF34F8FBFF36F8F00BF90
:108350000546A06BE16B884201D3022E25D194F92A
:1083600045B0A06B0090324651462046FEF777FBA1
:108370000BF1010088B9606A08B9012000E0002013
:1083800050B904F1240000F013FB28B1B8F1000F3C
:1083900002D00120C8F8000004E00BF1010040B257
:1083A00084F845004FF0010901E04FF0000900BFDB
:1083B00085F3118800BF4846BDE8F88F2DE9F741E5
:1083C00083B005460E464FF000082C4654B900BF56
:1083D000502080F31188BFF34F8FBFF36F8F00BF22
:1083E00000BFFEE70EB9206C08B9012000E00020B4
:1083F00050B900BF502080F31188BFF34F8FBFF3F7
:108400006F8F00BF00BFFEE700F0C8F908B90598FC
:1084100008B9012000E0002050B900BF502080F3CF
:108420001188BFF34F8FBFF36F8F00BF00BFFEE710
:1084300000BFFFF7A3FAA76BF7B131462046FEF75E
:10844000F9FA781EA063206908B9012000E0002035
:1084500060B904F1100000F0ABFA38B14FF0805071
:108460002F490860BFF34F8FBFF36F8FFFF7B0FA4C
:10847000012006B0BDE8F081059818B9FFF7A8FA09
:108480000020F6E7B8F1000F04D101A8FFF7CAFBFE
:108490004FF00108FFF79CFAFFF76EFCFFF76EFA4A
:1084A00094F94400401C10B9002084F8440094F969
:1084B0004500401C10B9002084F84500FFF788FAF9
:1084C00005A901A800F094F8F0B92046FEF7CAFC0F
:1084D000A0B104F124000599FFF7B6FB2046FEF792
:1084E000B2FE00F0B1FA0028A3D14FF080500C4941
:1084F0000860BFF34F8FBFF36F8F9AE72046FEF7F8
:10850000A2FE00F0A1FA94E72046FEF79CFE00F0E0
:108510009BFA2046FEF7A6FC00288AD00020A8E798
:1085200004ED00E02DE9F05F064689461746344623
:1085300054B900BF502080F31188BFF34F8FBFF3B1
:108540006F8F00BF00BFFEE7B9F1000F01D1206CB3
:1085500008B9012000E0002050B900BF502080F38E
:108560001188BFF34F8FBFF36F8F00BF00BFFEE7CF
:10857000FFF7B2FA00BF5021EFF3118081F31188A9
:10858000BFF34F8FBFF36F8F00BF0546D4F838A0FD
:10859000BAF1000F22D094F944B049462046FEF7C4
:1085A00049FAAAF10100A0630BF1010070B920693A
:1085B00008B9012000E0002068B904F1100000F0C3
:1085C000F7F940B13FB10120386004E00BF1010040
:1085D00040B284F844004FF0010801E04FF0000879
:1085E00000BF85F3118800BF4046BDE8F09F000042
:1085F00070B505460C4655B900BF502080F3118870
:10860000BFF34F8FBFF36F8F00BF00BFFEE754B9BA
:1086100000BF502080F31188BFF34F8FBFF36F8FDF
:1086200000BF00BFFEE7FFF7A9F9124802686868BB
:10863000131A2068401C08B9002617E00E49286864
:108640000968884204D06868904201D801260DE08C
:108650002068984207D92068C01A20602846FFF792
:10866000E1FA002602E0002020600126FFF7B0F9C1
:10867000304670BD580100206C0100202DE9FF4FED
:1086800085B0804689461746DDE912ABB800FEF793
:1086900003FF064656B15C20FEF7FEFE04460CB111
:1086A000266304E03046FFF7B1F900E000248CB106
:1086B000002084F85900CDE900ABCDE902403A46EC
:1086C00049464046089BFEF7ACFA2046FEF7F8F80C
:1086D000012501E04FF0FF35284609B0BDE8F08FD5
:1086E0002DE9F04F85B00746884691469A46DDE968
:1086F0000EB6109C0EB1012000E0002050B900BF62
:10870000502080F31188BFF34F8FBFF36F8F00BFEE
:1087100000BFFEE70CB1012000E0002050B900BF0F
:10872000502080F31188BFF34F8FBFF36F8F00BFCE
:1087300000BFFEE75C20039003985C2801D1012074
:1087400000E0002050B900BF502080F31188BFF333
:108750004F8FBFF36F8F00BF00BFFEE700BFB4B104
:10876000AEB125462C462E63022085F85900002024
:1087700004A953464A46CDE900B1CDE9025041462D
:108780003846FEF74EFA2846FEF79AF801E0002038
:108790000490049805B0BDE8F08F00000549096811
:1087A00009B9012005E00449096809B9022000E07F
:1087B00000207047600100207C010020014908680A
:1087C00070470000580100202DE9F0414FF00008EB
:1087D0004348006800287BD142480068451C414856
:1087E000056015BB40480068006808B9012000E03A
:1087F000002050B900BF502080F31188BFF34F8F85
:10880000BFF36F8F00BF00BFFEE7374807683748E8
:108810000068354908603548076035480068401CE5
:1088200033490860FEF760FC00BF324800688542AB
:108830003BD300BF2C480068006808B9012000E065
:10884000002020B14FF0FF302A4908602CE0264874
:108850000068C068C4686668B54202D225480660F0
:1088600022E0201DFFF728F8A06A18B104F11800D3
:10887000FFF722F82049E06A0968884202D91E49B8
:10888000E06A0860E16A01EB81011C4A02EB8100A9
:10889000211DFFF767F81A49E06A0968C96A88422A
:1088A000C8D34FF00108C5E700BF15480068C06A8B
:1088B00000EB8000114951F82000012801D94FF048
:1088C00001081048006808B14FF0010805E0FFE713
:1088D0000D480068401C0C4908604046BDE8F08126
:1088E0007C01002058010020480100204C0100209C
:1088F0006C010020740100205C0100201C06002097
:1089000044010020680100206401002070B5054684
:108910002C460026002D43D022480068844201D115
:10892000012000E0002050B900BF502080F31188E2
:10893000BFF34F8FBFF36F8F00BF00BFFEE7206D07
:1089400050B900BF502080F31188BFF34F8FBFF3A1
:108950006F8F00BF00BFFEE7206D401E2065E16CF9
:10896000E06A88421CD0206DD0B9201DFEF7A4FF1C
:10897000E06CE062E06AC0F13800A0610A49E06A98
:108980000968884202D90849E06A0860E16A01EB97
:108990008101064A02EB8100211DFEF7E3FF01265B
:1089A000304670BD440100205C0100201C06002000
:1089B00070B50646F068C46854B900BF502080F313
:1089C0001188BFF34F8FBFF36F8F00BF00BFFEE76B
:1089D00004F11800FEF770FF15480068A0B9201DCB
:1089E000FEF76AFF1349E06A0968884202D9114913
:1089F000E06A0860E16A01EB81010F4A02EB810045
:108A0000211DFEF7AFFF04E004F118010B48FEF74B
:108A1000A9FF0B49E06A0968C96A884204D901259F
:108A200001200849086000E00025284670BD0000CC
:108A30007C0100205C0100201C060020A40A00200C
:108A4000440100206801002070B50024002636484B
:108A5000006850B900BF502080F31188BFF34F8FDA
:108A6000BFF36F8F00BF00BFFEE7FEF787FF2E4802
:108A70000068401E2C4908600846006800284ED156
:108A80002A48006800284AD023E02948C068C46802
:108A900004F11800FEF710FF201DFEF70DFF254919
:108AA000E06A0968884202D92249E06A0860E16AFE
:108AB00001EB8101204A02EB8100211DFEF752FFEC
:108AC0001E49E06A0968C96A884202D301201C492C
:108AD00008601748006808B9012000E0002000285D
:108AE000D3D00CB1FEF700FB1648056865B100BF96
:108AF000FFF76AFE10B10120114908606D1E002DBC
:108B0000F6D100200F4908600D48006838B10126F1
:108B100030070D490860BFF34F8FBFF36F8FFEF72B
:108B200057FF304670BD00007C010020540100203A
:108B3000A40A00205C0100201C0600204401002043
:108B4000680100206401002004ED00E02DE9FC47ED
:108B500005460E4617469846DDF828902C20FEF76D
:108B60009BFC044654B1002084F8280043463A4652
:108B700031462846CDE90094FEF7B2F82046BDE81C
:108B8000FC872DE9FC4706460F4690469946DDE9ED
:108B90000AA52C20019001982C2801D1012000E089
:108BA000002050B900BF502080F31188BFF34F8FD1
:108BB000BFF36F8F00BF00BFFEE700BF55B900BF16
:108BC000502080F31188BFF34F8FBFF36F8F00BF2A
:108BD00000BFFEE72C4654B1022084F828004B4623
:108BE000424639463046CDE900A4FEF779F82046E2
:108BF000BDE8FC8710B586B00024FDF7BDFE164821
:108C00000068D0B100200590049003AA04A905A82B
:108C1000FEF772FE0222DDE904100023CDE90021F7
:108C200002900EA10F48039AFFF75AFD0E49086003
:108C30000846006800B1012400BF54B900BF5020AD
:108C400080F31188BFF34F8FBFF36F8F00BF00BF5A
:108C5000FEE7204606B010BD88010020546D72204A
:108C6000537663002D7200088C0100202DE9FF4728
:108C700004460D4616461F46DDF830804FF00009C9
:108C800054B900BF502080F31188BFF34F8FBFF35A
:108C90006F8F00BF00BFFEE71448006810B3009557
:108CA00001960294062D15DAFFF778FD022808D107
:108CB0000023424669460D480068FFF72DFA8146B9
:108CC00010E000231A46694608480068FFF724FAB6
:108CD000814607E000233A46694604480068FFF7EA
:108CE000EFFA8146484604B0BDE8F08788010020CD
:108CF00021F00042A2F16052B2F5801F01F0004362
:108D000028BFD2F17F6C0BD95FEA001C43EAC20294
:108D100042EB507018BF704728BF20F00100704729
:108D2000B2F5801FBCBF184670474FEA410C1CF5D6
:108D3000001F02D2084601F094B870B500F032FB73
:108D400000000089FFF7F6BF4FF00040A0F580005B
:108D50007047000010B591EA030F48BF83F000434D
:108D600000F1A484841A71EB030C05D2121943EBB1
:108D70000C03001B61EB0C01DFF824E14FEA1154F6
:108D8000A4EB135C1EEA430F18BF9EEA445F73D046
:108D900023EA0E03DCF1200E21EA045143F4801390
:108DA00032D322FA0CFE10EB0E0023FA0CFE41EB3C
:108DB0000E01CCF1200E03FA0EFE10EB0E0051F165
:108DC0000001B1F5801FCCF1200E32D201EB04512D
:108DD00012FA0EF2BDE8104058BF7047401C38BF71
:108DE0005FEA420218BF7047002814BF20F001005C
:108DF00041F100014FEA410313F5001F38BF7047EE
:108E0000A1F1C04100F01CBB012A43EB0302ACF10D
:108E1000200CDCF11F0E32BF4FF0000E23FA0CF3D2
:108E200010EB030041EB0451B4EB115FD0D0A1EB88
:108E3000045101F5801149085FEA300001EB04514B
:108E40000ED350F1000038BF12FA0EFE08D1BDE873
:108E50001040C9E7401C38BF5FEA4202CAD1C3E7ED
:108E6000BDE810404FEA410313F5001F38BF7047BB
:108E7000A1F1C04100F0E4BA9EEA445F08D011EAD3
:108E80005E0FBDE8104004BF01F0004100207047B4
:108E9000BDE8104070B500F085FA00BF64FBBE3E2F
:108EA0000000E0FF02494FF0000001F0C0B800BF31
:108EB0000000F87F491058BFC1F140415B1058BF16
:108EC000C3F140438B42EFF3008070472DE9C0416E
:108ED00030B4DFF8A0C23CEA111418BF3CEA131406
:108EE00000F0EC8081EA03051CEA111444EAD57411
:108EF00018BF1CEA131500F0C780A4EB05044FF05F
:108F0000004545EAC12145EAC32341EA505143EAFD
:108F1000525304F17F74994204F500344FEAC020A3
:108F20004FEAC22208BF904200F09C804FEA1365CE
:108F30000FF24016765D4FEA134506FB05F7C7F1C1
:108F4000807706FB07F74FEAD737A7FB036876421F
:108F5000C8F58038A7FB06CE38BFA8F1010807FB8B
:108F600008E64FF0000EA6FB028CE6FB03CEDCF118
:108F7000000CCEF1004E38BFAEF1010EA6FB0C582E
:108F80004FF000074FF00005E6FB0E87A1FB08C677
:108F9000A0FB07CE16EB0E0645F10005E1FB0765C9
:108FA00015F1E04E7EBFA4F580345FEA46066D41C0
:108FB00016F1800745F100054FEA17274FEA0666CC
:108FC00047EA0567A6F1DE46B6F1805F4FEA152550
:108FD0001FD9384624F0010C05EBC471BCF1FE6FBB
:108FE00001EB0C1102D8F0BCBDE8008124425CBF4B
:108FF00001F5801E9EEAC47F02D4F0BCBDE800816A
:10900000244238D4F0BCA1F1C041BDE8004100F0D9
:1090100017BA4FEAD22242EA43524FEAD323A7FBC0
:1090200002864FEAD02040EA415007FB03661EEA61
:109030000E0F4FEAD12105FB026658BFA6EB005682
:10904000B6EB00564FEA520E4EEAC37E18EB0E0EF8
:1090500056EB530EBDD518EB02085E417F1C55F14F
:109060000005B6E74FF480154FF000074FF00006FB
:109070004FF00008ADE7F0BC4FF0000001F1C04137
:1090800001F00041BDE8008111EA0C1F0CEA131544
:1090900000D00CE013EA0C1F00F025804FF0000018
:1090A000F0BC81EA030101F00041BDE80081F0BCA1
:1090B000BDE8004181EA030100F0C2B9F0BCBDE89F
:1090C000004170B500F06EF9097EFC3E00F007B873
:1090D00081EA03014FF0000001F00041704781EA8E
:1090E000030100F0ADB9F0BCBDE800414FF0000055
:1090F00021497047FFFDFBF9F7F5F4F2F0EEEDEBD7
:10910000E9E8E6E4E3E1E0DEDDDBDAD8D7D5D4D385
:10911000D1D0CFCDCCCBCAC8C7C6C5C4C2C1C0BFD1
:10912000BEBDBCBBBAB9B8B7B6B5B4B3B2B1B0AFD7
:10913000AEADACABAAA9A8A8A7A6A5A4A3A3A2A1BB
:10914000A09F9F9E9D9C9C9B9A9999989797969576
:1091500095949393929191908F8F8E8E8D8C8C8B12
:109160008B8A89898888878786858584848383829A
:10917000828181800000FF070000F87F4FEA1153D1
:10918000A3F58063D3F11E03A8BFD3F1200C08DB45
:109190004FF0004242EAC12252EA505232FA03F042
:1091A000704709420BD4102BC4BF0020704703F551
:1091B000787CBCF1FF3F05D04FF0FF3070474FF097
:1091C0000000704770B500F0EDF800BF49922480B0
:1091D00000207047F0E7000051EA030C17D41CF59B
:1091E000801F58BFBCF5801F00F10680994218BF50
:1091F000704708BF9042704707D711F5801F58BFCE
:1092000013F5801F19D499427047894270471CF5A5
:10921000801F08D5BCF5801FF7D58B4218BF70475B
:1092200008BF824270474FF4001C1CEB410F38BF4F
:109230001CEB430F01D28B42704770B500F0B2F8BF
:10924000922449004FF000514FF08053FFF732BE97
:10925000DFF848C170B51CEA111E1EBF1CEA1315C9
:109260009EEA0C0F95EA0C0F00F06F8081EA030470
:1092700023EA4C134EEAD47E21EA4C1141F48011CA
:1092800043F48013AE44A1FB024CA0FB0365AEF196
:109290007F7E361955EB0C05A1FB034C4CF1000306
:1092A000A0FB021C16EB0C06654153F100030942BA
:1092B00018BF46F0010613F4007F0BD14FEA0331CB
:1092C0004FEA0530340341EA155140EA16506FF079
:1092D00003020AE04FEAC3214FEAC520F40241EA43
:1092E000555140EA56506FF0020202EB2E4201EB5C
:1092F000025585EACE710AD05FEA440C18BF24F00B
:10930000004450F1000041F1000120EAD47040F225
:10931000FE7C624500D270BDA84214BF4FF080446D
:109320004FF04044002E08BF0024BEF1806FA8BF5C
:10933000A1F1C041BDE8704080F282804FF0000092
:1093400001F1C04101F0004170479EEA0C0F0CEAA8
:10935000131518BF95EA0C0F06D04FF0000081EAF4
:10936000030E0EF0004170BD00F01CF88900013EB4
:1093700000F007B800F009B84FEA430C5FEA5C5C04
:1093800008D081EA030100F05BB84FEA410C5FEAC4
:109390005C5CF6D14FF00000014970470000FF0708
:1093A0000000F87F0EF1020E2EF0030E5EF8046B43
:1093B000364205D4012A43EB030515F5001F12D8E8
:1093C000012841EB010C1CF5001F0CD80ED14FEA0F
:1093D000D17C15F5001F0CEB4C0C0CF1020C08BFF6
:1093E0004CEBD37C04E04FF0080C01E04FEAD37C57
:1093F0000CEB4C0526FA05F606F00706B6F1040C50
:1094000006D20EEB860CBDE870404CF0010C6047B4
:10941000DFE80CF0090B02024FF000414FF00000B2
:10942000A1F5002170BD19461046012851EB010439
:1094300018BFD4F5001484BF002001F0004170BDB6
:109440000808A0F500114FEA3101704753EA010CFA
:1094500017D41CF5801F58BFBCF5801F00F1068093
:109460008B4218BF704708BF8242704707D713F579
:10947000801F58BF11F5801F19D48B4270479B4243
:1094800070471CF5801F08D5BCF5801FF7D59942A1
:1094900018BF704708BF904270474FF4001C1CEB88
:1094A000430F38BF1CEB410F01D2994270470FB4F4
:1094B0000CBC03BCFFF7C1BE91EA030F10B581F0ED
:1094C00000413FF54FAC83F0004300F0EFB80000DF
:1094D0002DE9F04101F5801CBCF5001FC0F2C380EE
:1094E0004FEA115C21EA0C510CF1FD0C41F48011A2
:1094F0005FEA5C0C0CF5C07C01D3400049413DA4FF
:10950000890241EA905187028E0E0A0CA45D04FB89
:1095100004F602FB06F6C6F14046A4FB0662F60D11
:1095200046EA422606FB06F4A4FB01235242C3F19D
:10953000404338BF5B1EA6FB02420024E6FB032427
:10954000D20B42EA4446A6FB0623A1FB02E2A3FBA0
:1095500007E4A4184FF0000252F10002E3FB0142BD
:109560006442C2F1404E38BFAEF1010EA6FB0423A7
:109570004FF00002E6FB0E32A2FB03464FF0000460
:10958000B61954F10004E2FB0264A1FB06E6A4FB59
:1095900007E816EB08064FF0000858F10008E4FB56
:1095A00001687642C8F1405838BFA8F10108A2FB13
:1095B00006E4A3FB08E52D194FF0000454F1000464
:1095C000E2FB0854A1FB05E6A7FB04E818EB06083C
:1095D0004FF0000656F10006E1FB048618F1200565
:1095E00056F10006A809A8F11B08B10908F03F08C8
:1095F000B8F10A0F40EA86601CD901EB0C51BDE8B6
:10960000F08100BFFCF5EEE8E2DDD8D3CFCBC7C3D5
:10961000C0BDB9B6B4B1AEACA9A7A5A3A19F9D9B8F
:109620009A9896959392908F8D8C8B898887868552
:1096300084838281A0FB006800FB01F208EB4208F2
:10964000B8EB872807D5341858EB0104D5D5401C52
:1096500051F10001D1E7341A78EB0104CDD4401E5A
:1096600071F10001C9E75FEA4C0C5FEA9C5C0DD127
:1096700005D34FF0000001F00041BDE8F081BDE8E6
:10968000F04170B5FFF78EFE6DDBFFBEBDE8F04127
:109690004FF00000004970470000F87F10B591EAD4
:1096A000030F48BF83F000433FF55CAB841A71EBB6
:1096B000030C07D212198CF0004C43EB0C03001B77
:1096C00061EB0C01DFF8A4E14FEA1154A4EB135C49
:1096D0001EEA430F18BF9EEA445F00F0B08023EA01
:1096E0006E03524221EA0451C3EB6E0338BF5B1E86
:1096F000DCF1200E25D322FA0CFE10EB0E0043FA0B
:109700000CFE41EB0E01CCF1200E03FA0EFE10EB25
:109710000E0051F10001CCF1200E29D412FA0EF204
:1097200001EB0451BDE8104058BF7047401C1CBFFE
:10973000B2F1004F704700280CBF491C20F0010017
:10974000704712EB020E43EB030218BF4FF0010EFD
:109750004EEA4202ACF1200CDCF11E0E54D943FA61
:109760000CFE10EB0E0051F1FF31CCF11E0ED5D5E1
:109770000EF1010E12FA0EFE404141EB010101EB28
:10978000445C5FEA5C5C10D910EBDE7001EB0451C5
:1097900038BFBEF1004FBDE8104018BF7047002829
:1097A0000CBF491C20F00100704730D24FEAD42C86
:1097B00011F5001124F400641BD0B1FA81F20B3AC8
:1097C000A41AA41ED2F12003914030FA03F31943E6
:1097D000904001EBCC71002C01EB0451BDE810402E
:1097E000A8BF704701F1C0414FF0000001F00041F7
:1097F0007047B0FA80F310FA03F100D110BDE41AFB
:10980000173C4805C90AE4E701EB045110BD4910B3
:1098100001EB0451BDE810404FEA300002E04FF088
:10982000000170474A0008BF0042F8D0B2F5001F9F
:1098300028BF704701F000414FF0000070479EEADA
:10984000445F07D011EA5E0FBDE8104004BF00215D
:1098500000207047BDE8104070B5FFF7A3FD00BFC2
:1098600040DFF63E83F00041104670470000E0FF05
:1098700043004FEAD30C4FEA3C0C43401FBF400764
:109880000CF1605113F0FE4F70471CF0006F03D1D4
:1098900000200CF0004170470CF0004343EA507088
:1098A00010B540EACC0000F096FA00BF000000922C
:1098B0004FEA0001FFF7C4BD4FF000414FF0000038
:1098C000A1F500217047000090EA010F48BF81F028
:1098D000004100F13E83421A3CBF801A89184FEACA
:1098E000D0524FF07F4C1CEA410FA2EBD15318BF6E
:1098F0009CEA026F00F03B804FF0004C4CEA0020E5
:109900004CEA012121FA03FC10EB0C0C1ED202F1EF
:10991000FF325FEA1C2040EBC25038BF70471CF09A
:109920007F0F4FEA400C18BFBCF17F4F38BF704724
:10993000C3F12003994008BF20F00100BCF17F4F24
:1099400038BF7047A0F1C04000F08BBA4FEA3C002E
:10995000000A40EBC25028BF1CF0FF0F4FEA400C3A
:10996000E6D018BFBCF17F4F38BF7047EAE79CEAEA
:10997000026F05D010EA5C0F08BF00F0004070478E
:1099800010B500F028FA00BF64FBBE3E014800F0AD
:109990004EBB00BF0000C07F401058BFC0F1404028
:1099A000491058BFC1F140418142EFF30080704738
:1099B0004FF47F0C1CEAD0121EBF1CEAD11392EAAE
:1099C0000C0F93EA0C0F00F0858090EA010F48BF5E
:1099D00042F4807240F4000C41F400002CF07F410E
:1099E00020F07F4000B58142A2EB03020FF2081C79
:1099F000ACEB504EC0F100009EF800E04FEA4E0E76
:109A000000FB0EFC38BF49004FEA2C1C02F5FA029D
:109A10000CFB0EF34FEACE1E4FEA112C4FEAC12188
:109A20000EEB635E42EB22420EFB0CFC4FEA1C5332
:109A300000FB03114FEA112C4FEA01310EFB0CFC25
:109A40004FEADC4C00FB0C11C14228BF09184CEB5B
:109A500003335DF804EB10EB410143EBC250B2F568
:109A60007C0F38BF704729D512F0F00F1CBF00F1F2
:109A7000C04000F000407047008182838485868763
:109A800088898B8C8D8E8F919293959697999A9CBD
:109A90009D9FA0A2A3A5A7A8AAACAEB0B2B3B5B72C
:109AA000B9BCBEC0C2C5C7C9CCCED1D4D7D9DCDF02
:109AB000E2E6E9ECF0F3F7FAFE0000004FEA400CB2
:109AC0000CF1807CBCF17E4F28BF7047B0F1C040E4
:109AD00000F0C7B990EA010F0CEAD11348BF42F475
:109AE0008072624538BF634507D213F47F0F16D0EA
:109AF00080EA010000F00040704710B500F06BF9FB
:109B0000097EFC3E00F005B880EA010000F000404C
:109B1000704780EA010000F0004000F0A2B912F4A2
:109B20007F0F04BF0248704780EA010000F099B936
:109B30000000C07F50EA010C00F113801CF5000FFB
:109B400058BFBCF5000F01D48842704707D710F505
:109B5000000F58BF11F5000F15D488427047894295
:109B600070471CF5000F04D5BCF5000FF7D58142F6
:109B700070474FF0807C1CEB400F38BF1CEB410F4F
:109B800001D28142704710B500F025F992244900B6
:109B90004FF000504FF08051FFF7FEBE41000B0E1A
:109BA000D3F19E0208D950F400034FEA032323FAAD
:109BB00002F048BF4042704710B500F00CF900BFFA
:109BC00049922480002070476FF0004282EA200012
:109BD00070470000C10DD1F19E0206DB4FEA002361
:109BE00043F0004323FA02F07047004207D54FEAE2
:109BF0004001B1F1FE4F02D24FF00000704710B5A6
:109C000000F0E9F849922480002070476FEA2000B4
:109C10007047000010F0004148BF4042B0FA80F3A6
:109C200010FA03F2C3F19D030BD051EAC35101EBCB
:109C30001220530638BF704700F1010008BF20F022
:109C400001007047B0FA80F310FA03F2C3F19D03EC
:109C50000AD0D90501EB1220530638BF704700F136
:109C6000010008BF20F001007047000050EA010C1D
:109C700000F113801CF5000F58BFBCF5000F01D494
:109C80008842704707D710F5000F58BF11F5000F35
:109C900015D488427047894270471CF5000F04D5DF
:109CA000BCF5000FF7D5814270474FF0807C1CEB6C
:109CB000400F38BF1CEB410F01D28142704710B5F5
:109CC00000F089F8922449004FF000504FF0805185
:109CD000FFF762BE4FF47F0C1CEAD0121EBF1CEAD5
:109CE000D11392EA0C0F93EA0C0F00F0478090EA30
:109CF000010F48BF42F480724FF0004C4CEA002044
:109D00004CEA012102EB0302A0FB0113A2F50002C1
:109D1000002918BF43F001035B0028BF4FEA33035B
:109D200042EB22425FEA132C4CEBC2502EBFBCEB3D
:109D3000436FB2F57C0F70474FEA036CBCF1004FE4
:109D400008BF20F00100B2F57C0F38BF70470BD57B
:109D500082F0FF0212F5803FC8BF704700F1C0409B
:109D6000D8BF00F00040704700F5000C5FEA4C0CD3
:109D700048BF7047B0F1C04000F073B890EA010FDF
:109D80000CEAD11348BF42F48072624538BF634584
:109D900004D280EA010000F00040704710B500F0E6
:109DA0001AF800BF8900013E00F007B800F009B8BA
:109DB0005FEA410C5FEA1C6C08D080EA010000F009
:109DC00050B85FEA400C5FEA1C6CF6D14FF00040DF
:109DD000A0F5800070470EF1020E2EF0030E5EF823
:109DE000044B244204D44FEA4102B2F17F4F11D810
:109DF0004FEA4003B3F17F4F0CD80ED14FEAD07C2D
:109E0000B2F17F4F0CEB4C0C0CF1020C08BF4CEB89
:109E1000D17C04E04FF0080C01E04FEAD17C0CEB60
:109E20004C0324FA03F404F00704B4F1040C06D242
:109E30000EEB840CBDE810404CF0010C6047DFE8ED
:109E40000CF0070802024FF00040A0F5800010BDA2
:109E50000846420018BFD2F1807288BF00F000406F
:109E600010BDFF2141EAD050C005704751EA000CF7
:109E700000F113801CF5000F58BFBCF5000F01D492
:109E80008142704707D711F5000F58BF10F5000F3A
:109E900015D481427047894270471CF5000F04D5E4
:109EA000BCF5000FF7D5884270474FF0807C1CEB63
:109EB000410F38BF1CEB400F01D28842704780EA47
:109EC000010081EA000180EA0100FFF7F8BE00000E
:109ED0005FEA400C5FEA1C6CBCF17F0314D4D3F141
:109EE000170240F31C804FF0010C0CFA02FCACF19D
:109EF00001030340B3EB5C0220EA030008BF10EA51
:109F00000C0F88BF60447047B3F1FF3F28BF5FEA82
:109F1000002C00F0004088BF40F07E507047BCF13C
:109F2000FF0FB8BF704710B5FFF755FF40DBB6BE57
:109F300080F0004090EA010F7FF5CDAC81F0004148
:109F400000F007B890EA010F48BF81F000413FF5EB
:109F5000C2AC421A04D882F00042A0EB02001144C5
:109F60004FEAD0524FF07F4C1CEA410FA2EBD15385
:109F700018BF9CEA026F4AD04FF0004C4CEA002018
:109F80004CEA012121FA03FCB0EB0C0C0FD412F0C7
:109F9000FE0F36D05FEA4C001DD5001240EBC250D8
:109FA00038BF70471CF03F0F18BF70470BE0A2F19D
:109FB00001025FEA1C2040EBC25038BF70471CF022
:109FC0007F0F18BF7047C3F12003994014BF401E94
:109FD00020F00100704780084FEA122308BF704745
:109FE000B0FA80FCA2EB0C02CCF1280C60FA0CF069
:109FF00093EA122F04BF00EBC25070474FEAC370C0
:10A000007047130A5FEADC1008BF7047F6E79CEA66
:10A01000026F04D010EA5C0F08BF0020704710B533
:10A02000FFF7D9FE40DFF63E81F0004070470CF0AC
:10A030000F03092B08BF082000F07F800A2B0BD0EC
:10A04000082B18BF704708BF1CF0400F0AD04FF014
:10A0500000004FF0000170471CF0400F18BF4FF098
:10A06000004070471CF0100F08D020F0704300F043
:10A070007F4242EAD3014FEA4370704700F06040EC
:10A0800021F07F4242EA000201F07F4040EA727014
:10A0900070474FF0FF0C4CF4E06C1CEA11531CBFEE
:10A0A0009CEA030C9445C2BFDA4201EB02517047AF
:10A0B000002B0DD0BCF1000F0FD0002A01F00041A1
:10A0C000A4BF41F0E04141F07F614FF000007047D4
:10A0D00001F000414FF00000704750EA01334FF0AB
:10A0E0009B0C18BF4CF0806C7EF4DCAE70474FF0D8
:10A0F000FF0212EAD0521CBF92F0FF038B42C2BF94
:10A10000D14200EBC1507047002A0AD0002B0BD07F
:10A11000002900F00040A4BF40F0FE4040F40000E1
:10A12000704700F00040704743024FF00B0C18BF1F
:10A130004CF0806C7FF42AAC70471CF4801F11D067
:10A140001CF4E02F03D06FEACC31490070474FF088
:10A150004050EFF3008222F0704242EA000282F3A4
:10A16000008870474FF000007047000075191A0C06
:10A170006A231B1C00001F207274433B4138393A8C
:10A18000006B6C376F06246D6E70D0000004760093
:10A190005401F7FD000100008300000000080000EA
:10A1A0000001001832000500000020410000D242EA
:10A1B000CDCC4C3E9A99993E3333733FCDCC4C3E37
:10A1C00000007000000000240000000200030000F6
:10A1D00000650054FFEF0000FA80000B12820001BE
:10A1E000030C30C30E8C8CE914D5400213710F8E12
:10A1F0003883F8833000F883258EF8833000F883A5
:10A20000FFFFFFFF0FFEA9D6240004001A8279A1E8
:10A210000000003CFFFF00000010000038836FA228
:10A22000003E03304000000002CAE3093E80000007
:10A23000200000000000000040000000600000005E
:10A24000000C0000000C186E000006920A16C0DF19
:10A25000FFFF0256FD8CD377FFE1C496E0C5BEAA8E
:10A2600000000000FFFF0B2B0000165700000359F1
:10A270004000000000001DFA00026C1D00000000FC
:10A280003FFFDFEB003EB3B6000D227800002F3C0D
:10A2900000000000001942B5000039A20000B365BB
:10A2A000D90E9FC91DCF4C34300000005000000073
:10A2B0003BB67AE80064000000C80000000000001F
:10A2C000100000001000FA921000225E000D229F84
:10A2D0000001000000320000FF46000063D40000CF
:10A2E0001000000004D6000004CC000004CC0000E4
:10A2F000000010720000004000000000000000009C
:10A3000000060002000500070000000000640000D5
:10A3100000000000000000050005006400200000AF
:10A3200000000000000000000000400000000300EA
:10A3300000000032F8980000FF650000830F000065
:10A34000FF9BFC0000000000000000000000000077
:10A3500000000000000000000000000000000000FD
:10A3600000000000000000000000000000001000DD
:10A3700040000000000000060000B26A0002000079
:10A380000001FB830068000000D9FC007CF1FF8322
:10A390000000000000650000006403E8006400287D
:10A3A000000000250000000016A0000000001000C2
:10A3B00000001000002F0000000001F40000100059
:10A3C00000280000FFFF4581FFFFFA720000000037
:10A3D00000000000004400050005BAC6004778A24E
:10A3E0000000000100000000000006000000001452
:10A3F0000000254D002F706D000005AE000C02D04E
:10A40000000000000000000000000000000000004C
:10A41000001B000000000000000000000000000021
:10A4200000640000000800000000000000000000C0
:10A43000000000000000000000000000000000001C
:10A44000000000000000000000000000000000000C
:10A4500000000000000000000000000000000000FC
:10A4600000000000000000000000000000000000EC
:10A4700000000000000000000000000000000000DC
:10A48000001B00000000000000000000000E000E95
:10A4900000000AC70004000000000032FFFFFF9C1C
:10A4A00000000B2B0000000200000001000000640F
:10A4B000FFE50000000000000000000000000000B8
:10A4C000000000010000000000010000000000008A
:10A4D000000180000001800000018000002426D3DC
:10A4E0000000000000000000000600100096003C84
:10A4F000000000000000000000000000000000005C
:10A500000C0A4E68CDCF770950166759C619CE820E
:10A51000000000000000000000000000000000003B
:10A52000000000000000000017D7840003000000B6
:10A530000000000000000000C7938F9D1E1B1C1927
:10A54000000000000000000000000000000000000B
:10A550000000000000000000020318850000400019
:10A5600000000003000000030000000000000000E5
:10A57000400000000000000000000000000000009B
:10A5800000000000000000000000000000000000CB
:10A5900000000000000000000000000000000000BB
:10A5A00000000000677DDF7E72902E554CF6E68835
:10A5B000000000000000000000000000000000009B
:10A5C000D8DCB4B8B0D8B9ABF3F8FAB3B7BB8E9E49
:10A5D000AEF132F51BF1B4B8B08097F1A9DFDFDF3F
:10A5E000AADFDFDFF2AAC5CDC7A90CC92C97F1A954
:10A5F00089264666B28999A92D557DB0B08AA8965C
:10A60000365676F1BAA3B4B280C0B8A89711B28317
:10A6100098BAA3F0240844106418B2B9B49883F12E
:10A62000A329557DBAB5B1A38393F0002850F5B2A4
:10A63000B6AA839328547CF1B9A3829361BAA2DAB3
:10A64000DEDFDB819AB9AEF5606870F1DABAA2DFBD
:10A65000D9BAA2FAB9A38292DB31BAA2D9BAA2F8C6
:10A66000DF85A4D0C1BBAD83C2C5C7B8A2DFDFDF21
:10A67000BAA0DFDFDFD8D8F1B8AAB38DB4980D3512
:10A680005DB2B6BAAF8C96198F9FA70E161EB49AFC
:10A69000B8AA872C547CBAA4B08AB691325676B246
:10A6A0008494A4C808CDD8B8B4B0F19982A82D5527
:10A6B0007D98A80E161EA22C547C92A4F02C5078E3
:10A6C000F184A898C4CDFCD80DDBA8FC2DF3D9BA31
:10A6D000A6F8DABAA6DED8BAB2B68696A6D0F3C87D
:10A6E00041DAA6C8F8D8B0B4B882A892F52C54883C
:10A6F00098F135D9F418D8F1A2D0F8F9A884D9C7BF
:10A70000DFF8F883C5DADF69DF83C1D8F40114F11B
:10A71000A8824EA884F311D182F5D992289788F1A6
:10A7200009F41C1CD884A8F3C0F9D1D99782F12967
:10A73000F40DD8F3F9F9D1D982F4C203D8DEDF1AC7
:10A74000D8F1A2FAF9A88498D9C7DFF8F8F883C736
:10A75000DADF69DFF883C3D8F40114F198A8822EF8
:10A76000A884F311D182F5D992509788F109F41C8D
:10A77000D884A8F3C0F8F9D1D99782F149F40DD85B
:10A78000F3F9F9D1D982F4C403D8DEDFD8F1AD886A
:10A7900098CCA809F9D98292A8F57CF1883ACF948F
:10A7A0004A6E98DB6931DAADF2DEF9D88795A8F206
:10A7B00021D1DAA5F9F417D9F1AE8ED0C0C3AE829B
:10A7C000C684C3A88595C8A588F2C0F1F4010EF12E
:10A7D0008E9EA8C63E56F554F18872F40115F19884
:10A7E00045856EF58E9E0488F142985A8E9E0688A5
:10A7F00069F4011CF1981E1108D0F504F11E9702AE
:10A8000002983625DBF9D985A5F3C1DA85A5F3DFF2
:10A81000D88595A8F309DAA5FAD88292A8F578F137
:10A82000881A849F26889821DAF41DF3D8879F39E7
:10A83000D1AFD9DFDFFBF9F40CF3D8FAD0F8DAF9AD
:10A84000F9D0DFD9F9D8F40BD8F3879F39D1AFD934
:10A85000DFDFF41DF3D8FAFCA869F9F9AFD0DADE2E
:10A86000FAD9F88F9FA8F1CCF398DB45D9AFDFD0A8
:10A87000F8D8F18F9FA8CAF38809DAAF8FCBF8D840
:10A88000F2AD978D0CD9A5DFF9BAA6F3FAF412F25E
:10A89000D8950DD1D9BAA6F3FADAA5F2C1BAA6F3C2
:10A8A000DFD8F1BAB2B68696A6D0CAF349DAA6CBFB
:10A8B000F8D8B0B4B8D8AD84F2C0DFF18FCBC3A85C
:10A8C000B2B68696C8C1CBC3F3B0B48898A821DBD2
:10A8D000718D9D71859521D9ADF2FAD88597A828FB
:10A8E000D9F408D8F28D29DAF405D9F285A4C2F298
:10A8F000D8A88D9401D1D9F411F2D88721D8F40ABF
:10A90000D8F28498A8C801D1D9F411D8F3A4C8BB4F
:10A91000AFD0F2DEF8F8F8F8F8F8F8F8D8F1B8F6B1
:10A92000B5B9B08A95A3DE3CA3D9F8D85CA3D9F811
:10A93000D87CA3D9F8D8F8F9D1A5D9DFDAFAD8B1FB
:10A940008530F7D9DED8F830ADDADED8F2B48C999C
:10A95000A32D557DA083DFDFDFB591A0F629D9FBBC
:10A96000D8A0FC29D9FAD8A0D051D9F8D8FC51D90F
:10A97000F9D879D9FBD8A0D0FC79D9FAD8A1F9F9BE
:10A98000F9F9F9A0DADFDFDFD8A1F8F8F8F8F8ACC8
:10A99000DEF8ADDE8393AC2C547CF1A8DFDFDFF66C
:10A9A0009D2CDAA0DFD9FADB2DF8D8A850DAA0D098
:10A9B000DED9D0F8F8F8DB55F8D8A878DAA0D0DFDF
:10A9C000D9D0FAF8F8F8F8DB7DF8D89CA88CF530E7
:10A9D000DB38D9D0DEDFA0D0DEDFD8A848DB58D9FD
:10A9E000DFD0DEA0DFD0DED8A868DB70D9DFDFA043
:10A9F000DFDFD8F1A888902C547C98A8D05C38D19F
:10AA0000DAF2AE8CDFF9D8B087A8C1C1B188A8C688
:10AA1000F9F9DA36D8A8F9DA36D8A8F9DA36D8A8A2
:10AA2000F9DA36D8A8F9DA36D8F78D9DADF818DA04
:10AA3000F2AEDFD8F7ADFA30D9A4DEF9D8F2AEDE47
:10AA4000FAF983A7D9C3C5C7F1889BA77AADF7DE0A
:10AA5000DFA4F8849408A797F300AEF29819A488AD
:10AA6000C6A39488F632DFF28393DB09D9F2AADF1A
:10AA7000D8D8AEF8F9D1DAF3A4DEA7F1889B7AD85A
:10AA8000F38494AE19F9DAAAF1DFD8A881C0C3C55E
:10AA9000C7A39283F628ADDED9F8D8A350ADD9F874
:10AAA000D8A378ADD9F8D8F8F9D1A1DADEC3C5C7F3
:10AAB000D8A18194F818F2B089ACC3C5C7F1D8B851
:10AAC000B4B09786A8319B069907AB9728889BF06E
:10AAD0000C201440B0B4B8F0A88A9A285078B79BDC
:10AAE000A8295179247059446938644831F1BBABC5
:10AAF00088002C547CF0B38BB8A804285078F1B0AF
:10AB000088B49726A85998BBABB38B02264666B08B
:10AB1000B8F08A9CA82951798B2951798A247059D7
:10AB20008B2058718A4469388B3940688A6448316F
:10AB30008B30496088F1AC002C547CF08CA8042840
:10AB40005078F1889726A85998AC8C02264666F072
:10AB5000899CA8295179247059446938644831A9DD
:10AB60008809205970AB11384069A8193148608CA8
:10AB7000A83C415C207C00F187981986A86E767EFF
:10AB8000A999882D557DD8B1B5B9A3DFDFDFAED047
:10AB9000DFAAD0DEF2ABF8F9D9B087C4AAF1DFDFC3
:10ABA000BBAFDFDFB9D8B1F1A3978E60DFB084F21D
:10ABB000C8F8F9D9DED89385F14AB183A308B583E3
:10ABC0009A0810B79F10D8F1B0BAAEB08AC2B2B628
:10ABD0008E9EF1FBD9F41DD8F9D90CF1D8F8F8AD57
:10ABE00061D9AEFBD8F40CF1D8F8F8AD19D9AEFBA9
:10ABF000DFD8F416F1D8F8AD8D61D9F4F4ACF59C3A
:10AC00009C8DDF2BBAB6AEFAF8F40BD8F1AED0F8C3
:10AC1000AD51DAAEFAF8F1D8B9B1B6A3839C08B950
:10AC2000B1839AB5AAC0FD3083B79F10B58B93F25C
:10AC30000202D1ABDADED8F1B080BAABC0C3B284C5
:10AC4000C1C3D8B1B9F38BA391B609B4D9ABDEB007
:10AC5000879CB9A3DDF1B38B8B8B8B8BB087A3A3C0
:10AC6000A3A3B28BB69BF2A3A3A3A3A3A3A3A3A363
:10AC7000A3F1B087B59AA3F39BA3A3DCBAACDFB969
:10AC8000A3A3A3A3A3A3A3A3A3A3A3A3A3A3A3A394
:10AC9000D8D8D8BBB3B7F1AAF9DAFFD9809AAA28D5
:10ACA000B48098A720B79787A86688F07951F1906B
:10ACB0002C870CA781976293F071716085940129AC
:10ACC000517990A5F1284C6C870C95188578A38351
:10ACD00090284C6C886CD8F3A28200F210A89219CC
:10ACE00080A2F2D926D8F188A84DD948D896A8399B
:10ACF00080D93CD89580A839A68698D92CDA87A720
:10AD00002CD8A8899519A980D938D8A88939A980BB
:10AD1000DA3CD8A82EA83990D90CD8A8953198D962
:10AD20000CD8A809D9FFD801DAFFD89539A9DA26B5
:10AD3000FFD890A80D8999A810809821DA2ED8897B
:10AD400099A83180DA2ED8A886963180DA2ED8A834
:10AD5000873180DA2ED8A88292F34180F1D92ED89B
:10AD6000A882F31980F1D92ED882ACF3C0A2802238
:10AD7000F1A62EA72EA92298A829DAACDEFFD8A228
:10AD8000F22AF1A92E8292A8F23180A696F1D9007A
:10AD9000AC8C9C0C30ACDED0DEFFD88C9CACD010E0
:10ADA000ACDE8092A2F24C82A8F1CAF235F196880C
:10ADB000A6D900D8F1FF000044B10008000000004F
:10ADC0000000000000000000000000000002000081
:10ADD000180000000000000000000000A8B00008FB
:10ADE0000000000000000000000000000000000063
:10ADF0000004000028000000000000000000000027
:10AE000058B1000800000000000000000000000031
:10AE100000000000000800003000000000000000FA
:10AE20000000000050B10008000000000000000019
:10AE300000000000000000000004000028000000E6
:10AE4000000000000000000070B0000800000000DA
:10AE500000000000000000000000000000000000F2
:10AE600094B0000800000000000000000000000096
:10AE70000000000000000000B8B000080000000062
:10AE800000000000000000000000000000000000C2
:10AE9000CCB000080000000000000000000000002E
:10AEA0000000000000000000E0B00008000000000A
:10AEB0000000000000000000000000000000000092
:10AEC000F4B00008000000000000000000000000D6
:10AED000000000000000000008B1000800000000B1
:10AEE0000000000000000000000000000000000062
:10AEF0001CB100080000000000000000000000007D
:10AF0000000000000000000030B100080000000058
:10AF10000000000000000000000000000000000031
:10AF200084B00008000000000000000000000000E5
:10AF300002030405060708090A0B0C0D0E0F10107A
:10AF400001020000000000000000010203040607E7
:10AF500008090000000001020304000000000000D6
:10AF6000555555555555C53F7D6FEB0312D6D4BF8A
:10AF70005544880E55C1C93F3B8F68B52882A4BF90
:10AF800088B20175E0EF493F09F7FD0DE13D023F51
:10AF90004B2D8A1C273A03C0C88A599CE52A0040D9
:10AFA00059018D1B6C06E6BF82922EB1C5B8B33F26
:10AFB0004FBB610567ACDD3F182D4454FB21E93FD1
:10AFC0009BF681D20B73EF3F182D4454FB21F93FC0
:10AFD000E2652F227F2B7A3C075C143326A6813C46
:10AFE000BDCBF07A8807703C075C143326A6913CF1
:10AFF000C4EB98999999C9BF711623FEC671BCBF5D
:10B000006D9A74AFF2B0B3BF9AFDDE522DDEADBFC4
:10B010002F6C6A2C44B4A2BF0D5555555555D53FDC
:10B02000FF8300922449C23F6E204CC5CD45B73FF7
:10B03000513DD0A0660DB13FEB0D76244B7BA93F6F
:10B0400011DA22E33AAD903F00000000000000005A
:10B05000000000006E83F9A22915444ED15727FC49
:10B06000C0DD34F5999562DB4190433CAB6351FE02
:10B070004D505579617744617461517565756530DE
:10B08000310000006D70755265616454696D6572C0
:10B09000303100004D6F746F7241537065656451BB
:10B0A00075657565303200004D5055363035305479
:10B0B00061736B30320000004D6F746F72425370D9
:10B0C0006565645175657565303300004D6F746F4B
:10B0D0007243537065656451756575653034000061
:10B0E0004D6F746F72445370656564517565756515
:10B0F000303500004D6F746F7241506F7369517538
:10B1000065756530370000004D6F746F7242506F87
:10B110007369517565756530370000004D6F746F48
:10B120007243506F73695175657565303800000062
:10B130004D6F746F7244506F7369517565756530EA
:10B140003900000064656661756C745461736B004E
:10B150007073327461736B0050494463616C637542
:10B160006C6174655461730088B1000800000020B0
:10B17000C401000028010008ECB10008C40100204F
:10B180004C37000084010008136CA11B088A0401DD
:10B19000201A982432FF290472011E3333B33F90E2
:10B1A0000D14014201120212031204120512061AB2
:10B1B000074D1209120A120B120C120D120E120F69
:10B1C0003210859A99193FA90C7C6666660C210B92
:10B1D0002A20410C69880130293809363C8129D45C
:0CB1E00039440375127A1AAA018100009C
:04000005080000ED02
:00000001FF
