:020000040800F2
:100000000839002061020008393000081B2300086D
:10001000353000081F050008053F000800000000FB
:10002000000000000000000000000000C9010008FE
:1000300025050008000000000D020008BB3B000879
:100040007B0200089D3A00087B0200087B02000842
:100050007B0200087B0200087B0200087B0200088C
:100060007B0200087B0200084B0500087B020008A9
:100070007B0200087B0200087B0200087B0200086C
:100080007B0200087B0200087B0200087B0200085C
:100090007B0200087B0200087B020008550500086F
:1000A0007B020008393C00087B0200087B02000844
:1000B0007B020008493C00087B0200087B02000824
:1000C0007B0200087B0200087B0200087B0200081C
:1000D0007B0200087B0200087B0200087B0200080C
:1000E000270500087B0200087B02000800F002F8E8
:1000F00000F05AF80AA090E8000C82448344AAF168
:100100000107DA4501D100F04FF8AFF2090EBAE865
:100110000F0013F0010F18BFFB1A43F0010318473B
:1001200000A9000020A900000A444FF0000C10F8BC
:10013000013B13F0070408BF10F8014B1D1108BF65
:1001400010F8015B641E05D010F8016B641E01F805
:10015000016BF9D113F0080F1EBF10F8014BAD1C55
:100160000C1B09D16D1E58BF01F801CBFAD505E073
:1001700014F8016B01F8016B6D1EF9D59142D6D3CD
:10018000704700000023002400250026103A28BFF5
:1001900078C1FBD8520728BF30C148BF0B607047F9
:1001A0001FB51FBD10B510BD00F084F91146FFF753
:1001B000F7FF04F081FF00F0A2F903B4FFF7F2FFAC
:1001C00003BC00F0A5F90000224B19680868B0E8EC
:1001D000F00F80F30988BFF36F8F4FF0000080F3BA
:1001E00011884EF00D0E70470000000006480068B0
:1001F000006880F3088862B661B6BFF34F8FBFF323
:100200006F8F00DF00BF00BF08ED00E0EFF3098053
:10021000BFF36F8F0F4B1A6820E9F00F106008B51D
:100220004FF0500080F31188BFF34F8FBFF36F8FF3
:1002300007F074FA4FF0000080F31188BDE8084021
:1002400019680868B0E8F00F80F30988BFF36F8F72
:10025000704700BF3C010020EFF3058070470000AD
:100260000948804709480047FEE7FEE7FEE7FEE74A
:10027000FEE7FEE7FEE7FEE7FEE7FEE70448054986
:10028000054A064B70470000373C0008ED000008A7
:1002900008330020083900200835002008350020E8
:1002A00040EA010310B59B070FD1042A0DD310C8F3
:1002B00008C9121F9C42F8D020BA19BA884201D945
:1002C000012010BD4FF0FF3010BD1AB1D30703D08D
:1002D000521C07E0002010BD10F8013B11F8014B43
:1002E0001B1B07D110F8013B11F8014B1B1B01D15F
:1002F000921EF1D1184610BD032A40F2308010F052
:10030000030C00F0158011F8013BBCF1020F6244B0
:1003100098BF11F801CB00F8013B38BF11F8013B41
:10032000A2F1040298BF00F801CB38BF00F8013BEE
:1003300011F0030300F06280083AC0F0088051F821
:10034000043B083A51F804CBA0E80810F5E7121D69
:100350005CBF51F8043B40F8043BAFF30080D20788
:1003600024BF11F8013B11F801CB48BF11F8012B54
:1003700024BF00F8013B00F801CB48BF00F8012B77
:10038000704702F0FF0343EA032242EA024200F010
:1003900069B84FF0000200B51346944696462039DE
:1003A00022BFA0E80C50A0E80C50B1F12001BFF42E
:1003B000F7AF090728BFA0E80C5048BF0CC05DF894
:1003C00004EB890028BF40F8042B08BF704748BFE2
:1003D00020F8022B11F0804F18BF00F8012B704756
:1003E00070477047704710B500F05CF8006810BDAA
:1003F00010B5044600F056F8046010BD10B5203A60
:10040000C0F00B80B1E81850203AA0E81850B1E8CD
:100410001850A0E81850BFF4F5AF5FEA027C24BF83
:10042000B1E81850A0E8185044BF18C918C0BDE87A
:1004300010405FEA827C24BF51F8043B40F8043B43
:1004400008BF7047D20728BF31F8023B48BF11F8F8
:10045000012B28BF20F8023B48BF00F8012B704752
:100460004FF000020429C0F0128010F0030C3FF49A
:1004700092AFCCF1040CBCF1020F18BF00F8012BB5
:10048000A8BF20F8022BA1EB0C01FFF784BF5FEAA5
:10049000C17C24BF00F8012B00F8012B48BF00F8F5
:1004A000012B704700487047A83200200048704771
:1004B000A83200207546FFF7F9FFAE4605006946F1
:1004C000534620F00700854618B020B5FFF7D6FE4A
:1004D000BDE820404FF000064FF000074FF0000845
:1004E0004FF0000B21F00701AC46ACE8C009ACE8C6
:1004F000C009ACE8C009ACE8C0098D46704710B52A
:100500000446AFF300802046BDE81040FFF755BE1B
:1005100001491820ABBEFEE726000200704700BF6D
:10052000FEE77047704710B54FF4806000F0A8F800
:100530004FF4006000F0A4F84FF4805000F0A0F8F1
:100540004FF4005000F09CF810BD10B5102000F0E2
:1005500097F810BD10B5202000F092F8402000F070
:100560008FF8802000F08CF810BD2DE9F05F8046F8
:10057000894615461C464946404600F01FFA824609
:100580002946404600F01AFA83464BEA4A00C6B2B2
:10059000207A46EA8000C7B20F2F17D2DFE807F0B3
:1005A00016080F16121616090B16161016110A0049
:1005B00000BF00BF00BF2068401C206007E000BFF4
:1005C00000BF00BF2068401E206000E000BF00BFE9
:1005D0002672BDE8F09F72B600BFFEE770B5044614
:1005E00000F0FAF906462546681C10B10448007868
:1005F000054400BF00F0F0F9801BA842FAD370BD9B
:100600003401002010B50446102C01D0202C05D157
:10061000154B202210211548FFF7A7FF402C01D0D1
:10062000802C05D1124B802240211048FFF79DFFFE
:10063000B4F5806F02D0B4F5006F06D10D4B4FF4C6
:10064000006251100C48FFF790FFB4F5805F02D0B4
:10065000B4F5005F06D1094B4FF400525110064823
:10066000FFF783FF10BD0000D80100200008014003
:10067000E4010020F0010020000C0140FC010020FA
:1006800010B5044604480068204020B102480460C8
:100690002046FFF7B7FF10BD140401402DE9F847CD
:1006A0000346002294466EE14FF0010808FA02F476
:1006B000D1F8008008EA0400A0427DD1DFF8DCA276
:1006C000D1F80480A8EB0A09D0453AD014DCB8F17F
:1006D000030F50D009DCB8F1000F31D0B8F1010F91
:1006E0001CD0B8F1020F49D120E0B8F1110F18D099
:1006F000B8F1120F42D11EE0B9F5881F25D006DCF3
:10070000B9F5803F20D0B9F5801F37D11AE0B9F58F
:10071000001F18D0B9F5041F30D117E0D1F80CC074
:100720002DE0D1F80C8008F1040C28E0D1F80C8001
:1007300008F1080C23E0D1F80C8008F10C0C1EE045
:1007400000BF00BF00BF00BF00BF00BFD1F80880DE
:10075000B8F1000F02D14FF0040C0BE0D1F8088083
:10076000B8F1010F03D14FF0080C1C6102E04FF00B
:10077000080C5C6103E04FF0000C00E000BF00BF1C
:10078000FF2801D8984601E003F104084646FF28F7
:1007900002D84FEA820803E0A2F108084FEA88086D
:1007A0004746D6F800804FF00F0909FA07F928EA02
:1007B00009080CFA07F900E088E048EA0908C6F8D9
:1007C0000080D1F8048008F08058B8F1805F7DD1B6
:1007D00000BFDFF8CC81D8F8188048F00108DFF8B6
:1007E000C091C9F81880C846D8F8188008F00108E8
:1007F000CDF8008000BF00BF4FEAB9384FEA920938
:1008000058F829504FEA82784FEA18794FF00F08CC
:1008100008FA09F825EA0805DFF88881434502D17E
:100820004FF0000816E0DFF88081434502D14FF019
:1008300001080FE0DFF87481434502D14FF0020850
:1008400008E0DFF86C81434502D14FF0030801E076
:100850004FF004084FEA82794FEA197908FA09F84B
:1008600048EA0505DFF84C814FEA920948F829501B
:10087000D1F8048008F48018B8F5801F0AD1DFF899
:100880003881D8F8008048EA0008DFF82C91C9F8D0
:10089000008009E0DFF82081D8F8008028EA00080D
:1008A000DFF81491C9F80080D1F8048008F400182A
:1008B000B8F5001F10D1DFF8008108F10408D8F85E
:1008C000008048EA0008DFF8F09000E05AE009F103
:1008D0000409C9F800800DE0DFF8DC8008F10408A5
:1008E000D8F8008028EA0008DFF8CC9009F1040964
:1008F000C9F80080D1F8048008F40038B8F5003F4A
:100900000ED1DFF8B480A8F10408D8F8008048EAD6
:100910000008DFF8A490A9F10409C9F800800DE0EF
:10092000DFF89480A8F10408D8F8008028EA0008CD
:10093000DFF88490A9F10409C9F80080D1F8048097
:1009400008F48038B8F5803F0ED1DFF86C80A8F14C
:100950000808D8F8008048EA0008DFF85C90A9F1A0
:100960000809C9F800800DE0DFF84C80A8F10808FC
:10097000D8F8008028EA0008DFF83C90A9F10809BF
:10098000C9F80080521CD1F8008028FA02F8B8F1AA
:10099000000F7FF489AEBDE8F88700000000111059
:1009A0000010024000080140000C0140001001400E
:1009B0000014014008000140080401400246936809
:1009C0000B400BB1012000E0002070470AB101612B
:1009D00001E00B04036170470148006870470000A4
:1009E0002C01002070B504460CB9012070BD94F8AC
:1009F0003D0028B9002084F83C00204600F046FB6A
:100A0000242084F83D002068006820F0010021685F
:100A100008602068006840F4004021680860206891
:100A2000006820F400402168086000F07FFD054662
:100A30005C496068884206D85B48854201D2012043
:100A400007E0002005E05948854201D2012000E07E
:100A50000020012800D1C9E75548B5FBF0F6206811
:100A6000406820F03F003043216848604D4960688D
:100A7000884201D8701C07E04FF4967070434FF421
:100A80007A71B0FBF1F0401C2168096A21F03F0146
:100A900008432168086243496068884214D8681E88
:100AA00061684900B0FBF1F0401CC0F30B00042862
:100AB00001D204203DE0681E61684900B0FBF1F0FE
:100AC000401CC0F30B0034E0A06838B9681E6168B0
:100AD00001EB4101B0FBF1F0401C0AE0681E6168C7
:100AE00001EBC10202EB0111B0FBF1F0401C40F43C
:100AF0008040C0F30B0008B901201AE0A06848B993
:100B0000681E616801EB4101B0FBF1F0401CC0F3CD
:100B10000B000CE0681E616801EBC10202EB0111E1
:100B2000B0FBF1F0401CC0F30B0040F4804040F4F7
:100B300000402168C9694CF6FF729143084321685F
:100B4000C861D4E9070108432168096821F0C001A0
:100B5000084321680860D4E90310084321688968C4
:100B600048F2FF329143084321688860D4E90501C7
:100B700008432168C96821F0FF0108432168C86063
:100B80002068006840F001002168086000202064AF
:100B9000202084F83D000020206384F83E0000BF40
:100BA00024E70000A086010080841E0000093D00AB
:100BB00040420F002DE9FE4F04460F4690469946ED
:100BC000DDE90CAB0E9E00200290FFF705FF054605
:100BD00094F83D00202872D119230122CE492046E5
:100BE000009501F00EFD10B10220BDE8FE8F00BFA0
:100BF00094F83C00012801D10220F6E7012084F896
:100C00003C0000BF2068006800F0010028B920689F
:100C1000006840F00100216808602068006820F446
:100C2000006021680860222084F83D00402084F89C
:100C30003E0000202064C4F824A0A4F82AB0608DEF
:100C40002085B648E0624B46424639462046CDE90B
:100C5000006501F083FB08B10120C6E7208D88B94B
:100C600000BF0020019020684069019020688069E1
:100C7000019000BF00BF2068006840F40070216848
:100C800008604BE0208D01281AD12068006820F40C
:100C900080602168086072B600BF00200190206863
:100CA0004069019020688069019000BF00BF206802
:100CB000006840F400702168086062B62EE029E107
:100CC000208D022819D12068006840F40060216856
:100CD000086072B600BF0020019020684069019052
:100CE00020688069019000BF00BF2068006820F480
:100CF00080602168086062B610E02068006840F4F7
:100D000080602168086000BF002001902068406971
:100D1000019020688069019000BF00BFEBE0208D4A
:100D200003287DD8208D012815D12A46314620463A
:100D300001F043FD08B1012057E720680069616AAE
:100D40000870606A401C6062208D401E2085608DA6
:100D5000401E6085CFE0208D02282CD13346002232
:100D60006F492046009501F04CFC08B101203CE79A
:100D700072B62068006840F400702168086020683E
:100D80000069616A0870606A401C6062208D401EC4
:100D90002085608D401E608562B620680069616AAA
:100DA0000870606A401C6062208D401E2085608D46
:100DB000401E60859FE03346002259492046009539
:100DC00001F01FFC08B101200FE72068006820F443
:100DD00080602168086072B620680069616A0870E6
:100DE000606A401C6062208D401E2085608D401E20
:100DF00060854C4800681921B0FBF1F04FF47A711E
:100E0000B0FBF1F0C0EBC00000EB8000029000BF2F
:100E10000298401E02900298A8B90020206300E0CA
:100E200039E0202084F83D00002084F83E00206C4A
:100E300040F02000206462B600BF002084F83C002F
:100E400000BF0120D1E620684069C0F3800000287F
:100E5000DED02068006840F40070216808602068D7
:100E60000069616A0870606A401C6062208D401EE3
:100E70002085608D401E608562B620680069616AC9
:100E80000870606A401C6062208D401E2085608D65
:100E9000401E60852FE02A463146204601F08DFC39
:100EA00008B10120A1E620680069616A0870606AE3
:100EB000401C6062208D401E2085608D401E608534
:100EC00020684069C0F38000A8B1208D032805D1B7
:100ED0002068006820F4806021680860206800694C
:100EE000616A0870606A401C6062208D401E208527
:100EF000608D401E6085208D00287FF410AF20207B
:100F000084F83D00002084F83E0000BF84F83C00D7
:100F100000BF6AE6022068E6020010000000FFFF42
:100F200004000100380100202DE9FC5F04460F4653
:100F300090469946DDE90CAB0E9EFFF74DFD054648
:100F400094F83D0020287DD1192301224D492046E7
:100F5000009501F056FB10B10220BDE8FC9F00BFD8
:100F600094F83C00012801D10220F6E7012084F822
:100F70003C0000BF2068006800F0010028B920682C
:100F8000006840F00100216808602068006820F4D3
:100F9000006021680860212084F83D00402084F82A
:100FA0003E0000202064C4F824A0A4F82AB0608D7C
:100FB00020853548E0624B46424639462046CDE919
:100FC000006501F07BFA08B10120C6E731E02A464E
:100FD0003146204601F036FC50B1206C042805D182
:100FE0002068006840F40070216808600120B4E7C0
:100FF000606A007821680861606A401C6062208D28
:10100000401E2085608D401E608520684069C0F3C9
:10101000800070B1208D60B1606A0078216808613D
:10102000606A401C6062208D401E2085608D401EDD
:101030006085208D0028CAD12A463146204601F01D
:10104000ADFA00E01CE050B1206C042805D1206806
:10105000006840F400702168086001207DE7206886
:10106000006840F4007021680860202084F83D008A
:10107000002084F83E0000BF84F83C0000BF6CE70D
:1010800002206AE7020010000000FFFF10B586B0E2
:101090000446002002900390049005901A492068AD
:1010A00088422FD100BF1948806940F008001749D5
:1010B00088610846806900F00800019000BF00BF09
:1010C0004FF440700290122003900320059002A973
:1010D0000F48FFF7E3FA00BF0E49486840F0E060B0
:1010E00040F00200486000BF00BF0848C06940F4FB
:1010F00000100649C8610846C06900F4001001905C
:1011000000BF00BF06B010BD0054004000100240F8
:10111000000C0140000001400348006803490978C1
:1011200008440149086070472C0100203401002068
:1011300010B50848006840F0100006490860032018
:1011400000F0E0F80F2000F007F800F055F800205C
:1011500010BD000000200240F0B587B00446002614
:101160000027002500BF1F48806940F400601D492A
:1011700088610846806900F40060009000BF00BFED
:1011800001A902A800F0AAF900F0E0F90646164805
:10119000B6FBF0F0471E15481549086040F2E731EC
:1011A0001348C1604760002101618160816100F0E6
:1011B0008BFC054695B90E4800F012FD05466DB949
:1011C000192000F051F8102C07D2002221461920D6
:1011D00000F05AF80748046000E00125284607B0EF
:1011E000F0BD00000010024040420F00002C014002
:1011F0008C0500203001002008B500BF1848806928
:1012000040F00100164988610846806900F001003D
:10121000009000BF00BF00BF0846C06940F080508A
:10122000C8610846C06900F08050009000BF00BF50
:1012300000220F21901E00F027F800220521012036
:1012400000F022F8012000F00FF800BF05494868BF
:1012500020F0E06040F00070486000BF08BD000072
:10126000001002400000014001460846002809DB4A
:1012700000F01F0301229A4043099B0003F1E02381
:10128000C3F8002100BF70472DE9F05F80460D468E
:101290001646002702F04CFE074639462A463346DA
:1012A00001F00700C0F1070ABAF1040F02D94FF0AC
:1012B000040A01E0C0F1070AD14600F1040ABAF1BC
:1012C000070F02D24FF0000A01E0A0F1030AD44652
:1012D0004FF0010A0AFA09FAAAF1010A0AEA020A17
:1012E0000AFA0CFA4FF0010B0BFA0CFBABF1010BF5
:1012F0000BEA030B4AEA0B042146404602F020FEAB
:10130000BDE8F09F00BF00F00702064B19684FF6DA
:10131000FF031940044B0B4343EA0221014B1960C0
:1013200000BF70470CED00E00000FA0570470000B8
:1013300010B50648006800F4803028B1FFF7F6FFCA
:101340004FF480300149086010BD000014040140D2
:1013500070B504460D460CB9012070BD5A480068AE
:1013600000F00700A8420ED25748006820F007009E
:101370002843554908600846006800F00700A84265
:1013800001D00120E9E7207800F0020002281DD1F9
:10139000207800F00400042805D14C48406840F44F
:1013A000E0604A494860207800F00800082805D12C
:1013B0004648406840F460504449486043484068AB
:1013C00020F0F000A168084340494860207800F010
:1013D000010078B36068012806D13C48006800F439
:1013E000003090B90120B8E76068022806D137487C
:1013F000006800F0007040B90120AEE73348006893
:1014000000F0020008B90120A7E73048406820F04A
:101410000300616808432D494860FFF7DDFA06467E
:1014200009E0FFF7D9FA801B41F28831884202D9DE
:10143000032092E707E02548406800F00C0061684F
:10144000B0EB810FEDD12048006800F00700A84202
:101450000ED91D48006820F0070028431A4908608B
:101460000846006800F00700A84201D0012074E798
:10147000207800F00400042807D11448406820F4C4
:10148000E060E168084311494860207800F00800F6
:10149000082808D10D48406820F46050216940EACE
:1014A000C1000A49486000F061F808494968C1F381
:1014B0000311074A515CC8400649086006480068A5
:1014C000FFF74AFE002048E70020024000100240DB
:1014D0001EA8000838010020300100200F22026001
:1014E0000D4A526802F0030242600B4A526802F051
:1014F000F0028260084A526802F4E062C260064A62
:10150000526802F46052D2080261044A126802F082
:1015100007020A60704700000010024000200240ED
:1015200001480068704700003801002000B5FFF74F
:10153000F7FF04494968C1F30221034A515CC840DE
:1015400000BD0000001002402EA8000800B5FFF703
:10155000E7FF04494968C1F3C221034A515CC8400E
:1015600000BD0000001002402EA8000870B5002148
:101570000022002400230020134D696801F00C05AF
:10158000F5B1042D02D0082D19D101E00F4819E062
:101590000F4DC1F38346AB5D01F4803555B10A4D63
:1015A0006D68C5F340450B4E725D084D5D43B5FB5C
:1015B000F2F402E0084D03FB05F4204602E000BF10
:1015C000024800BF00BF70BD0010024000127A0048
:1015D0000CA800081CA8000800093D00F8B5044646
:1015E0000CB90120F8BD207800F00100002878D067
:1015F000F848406800F00C0004280CD0F54840681A
:1016000000F00C00082811D1F248406800F4803046
:10161000B0F5803F0AD1EF48006800F400300028A0
:101620005FD0606800285CD10120DBE700BF606804
:10163000B0F5803F06D1E748006840F48030E549C6
:10164000086028E0606858B9E248006820F48030FB
:10165000E04908600846006820F4802008601AE02D
:101660006068B0F5A02F0BD1DA48006840F4802004
:10167000D84908600846006840F4803008600AE0F5
:10168000D448006820F48030D249086008460068D9
:1016900020F48020086000BF606888B1FFF79CF9E3
:1016A000054606E0FFF798F9401B642801D903209E
:1016B00098E7C848006800F400300028F2D010E035
:1016C000FFF78AF9054606E0FFF786F9401B642814
:1016D00001D9032086E7BF48006800F400300028E5
:1016E000F2D1207800F00200022857D1B9484068B2
:1016F00000F00C0050B1B748406800F00C0008281A
:1017000018D1B448406800F4803098B9B1480068F6
:1017100000F0020020B12069012801D0012061E71A
:10172000AC48006820F0F800616940EAC100A949AE
:10173000086033E02069E8B10120A7490860FFF79D
:101740004BF9054606E0FFF747F9401B022801D98F
:10175000032047E79F48006800F002000028F2D00D
:101760009C48006820F0F800616940EAC10099498E
:10177000086013E0002098490860FFF72DF905463E
:1017800006E0FFF729F9401B022801D9032029E7C9
:101790009048006800F002000028F2D1207800F0A4
:1017A000080008282DD1A069B8B101208B49086034
:1017B000FFF712F9054606E0FFF70EF9401B022875
:1017C00001D903200EE78348406A00F00200002898
:1017D000F2D0012002F0D8F913E000207F49086020
:1017E000FFF7FAF8054606E0FFF7F6F8401B022877
:1017F00001D90320F6E67748406A00F0020000288D
:10180000F2D1207800F00400042873D10027714839
:10181000C06900F0805070B900BF6E48C06940F0E8
:1018200080506C49C8610846C06900F08050009043
:1018300000BF00BF01276A48006800F48070B0B99B
:101840006748006840F4807065490860FFF7C4F895
:10185000054606E0FFF7C0F8401B642801D90320C5
:10186000C0E65F48006800F480700028F2D000BF36
:10187000E068012806D15748006A40F00100554948
:10188000086227E0E06858B95248006A20F0010079
:10189000504908620846006A20F00400086219E016
:1018A000E06805280BD14B48006A40F00400494924
:1018B00008620846006A40F0010008620AE04548F4
:1018C000006A20F00100434908620846006A20F0DF
:1018D0000400086200BFE068A0B1FFF77DF805468C
:1018E00009E0FFF779F8401B41F28831884202D9BC
:1018F000032077E622E03748006A00F00200002863
:10190000EFD012E0FFF768F8054608E0FFF764F84B
:10191000401B41F28831884201D9032062E62D48FC
:10192000006A00F002000028F0D1012F05D12948FB
:10193000C06920F080502749C86100BFE069C8B382
:101940002448406800F00C00082860D0E0690228B4
:1019500048D1002020490866FFF73EF8054606E01A
:10196000FFF73AF8401B022801D903203AE619484C
:10197000006800F000700028F2D1206AB0F5803FC6
:1019800007D11448406820F40030A1680843114989
:101990004860D4E9080108430E49496821F47411EC
:1019A00008430C49486001200B490866FFF714F80A
:1019B000054607E03DE0FFF70FF8401B022801D97C
:1019C00003200FE60348006800F000700028F2D002
:1019D0002FE000000010024000004242800442421A
:1019E00000700040002014490866FEF7F5FF054628
:1019F00006E0FEF7F1FF401B022801D90320F1E5C4
:101A00000E48006800F000700028F2D111E0E06993
:101A1000012800D1E6E50948466806F48031206ACD
:101A2000814204D106F47011606A814201D0012024
:101A3000D8E50020D6E50000000042420010024038
:101A40007047704730B502460B4600BF92F83C0025
:101A5000012801D1022030BD012082F83C0000BFE6
:101A6000022082F83D00106844681068816824F004
:101A700070041868044310684460104D1068A84250
:101A80000BD01068B0F1804F07D00D4D1068A84200
:101A900003D00C4D1068A84205D121F08001586890
:101AA000014310688160012082F83D0000BF0020E2
:101AB00082F83C0000BF00BFCDE70000002C0140D1
:101AC000000400400008004010B504460CB9012095
:101AD00010BD94F83D0028B9002084F83C00204651
:101AE00000F026F8022084F83D00211D206802F055
:101AF000B3F8012084F8460000BF84F83E000121BD
:101B00003F200155402001554120015500BF00BF35
:101B1000012084F84200432001554420015545200E
:101B2000015500BF012084F83D000020D0E70000EF
:101B300038B504460D492068884215D100BF0C48CD
:101B4000C06940F002000A49C8610846C06900F057
:101B50000200009000BF00BF002205211D20FFF7FA
:101B600093FB1D20FFF780FB38BD00000004004000
:101B700000100240014691F83D00012801D00120EB
:101B80007047022081F83D00124B086898420BD044
:101B90000868B0F1804F07D00F4B0868984203D017
:101BA0000E4B086898420CD10868806800F0070264
:101BB000062A0CD00868006840F001000B68186025
:101BC00005E00868006840F001000B68186000201C
:101BD000D6E70000002C014000040040000800404F
:101BE000014691F83D00012801D0012070470220F4
:101BF00081F83D000868C06840F001000B68D860BB
:101C0000124B086898420BD00868B0F1804F07D09B
:101C10000F4B0868984203D00E4B086898420CD1CD
:101C20000868806800F00702062A0CD0086800687F
:101C300040F001000B68186005E00868006840F09B
:101C400001000B6818600020D0E70000002C014064
:101C500000040040000800402DE9F04104460D4614
:101C6000002700BF94F83C00012802D10220BDE803
:101C7000F081012084F83C0000BF022084F83D0080
:101C80002068866826F0770626F47F4620688660FE
:101C90002868502833D00CDC202850D004DC0028E1
:101CA0004BD0102851D149E0302849D040284CD1A0
:101CB00039E060282DD0702807D0B0F5805F03D0C0
:101CC000B0F5005F41D10DE041E0D5E902136A684B
:101CD000206802F014F82068866846F077062068CD
:101CE000866034E0D5E902136A68206802F007F8DC
:101CF0002068806840F480402168886027E0EA68B6
:101D00006968206802F0CCF85021206802F002F8DF
:101D10001DE0EA686968206802F0D5F86021206853
:101D200001F0F8FF13E0EA686968206802F0B8F88B
:101D30004021206801F0EEFF09E000BF00BF00BFB6
:101D40002968206801F0E6FF01E0012700BF00BF1D
:101D5000012084F83D0000BF002084F83C0000BF53
:101D6000384684E7704770B504462068C568206827
:101D7000066906F00200022819D105F002000228C7
:101D800015D1401F216808610120207720688069F3
:101D900000F0030018B12046FFF7E4FF05E02046FD
:101DA00000F0C2F8204600F08BF90020207706F002
:101DB0000400042819D105F00400042815D1C043FB
:101DC00021680861022020772068806900F4407053
:101DD00018B12046FFF7C6FF05E0204600F0A4F842
:101DE000204600F06DF90020207706F00800082852
:101DF00019D105F00800082815D1C04321680861F1
:101E0000042020772068C06900F0030018B1204644
:101E1000FFF7A8FF05E0204600F086F8204600F016
:101E20004FF90020207706F01000102819D105F096
:101E30001000102815D1C0432168086108202077C0
:101E40002068C06900F4407018B12046FFF78AFF8F
:101E500005E0204600F068F8204600F031F9002047
:101E6000207706F0010048B105F0010030B16FF0B5
:101E7000010021680861204600F08EF906F080001C
:101E8000802809D105F08000802805D1C043216851
:101E900008612046FFF7D4FD06F04000402809D134
:101EA00005F04000402805D1C04321680861204664
:101EB00000F032FA06F02000202809D105F02000B9
:101EC000202805D1C043216808612046FFF7B9FDED
:101ED00070BD000010B586B004460020029003904B
:101EE000049005902068B0F1804F16D100BF0C48D7
:101EF000806940F004000A4988610846806900F062
:101F00000400019000BF00BF0F2002900220039048
:101F1000059002A90348FEF7C1FB06B010BD000002
:101F2000001002400008014070472DE9F0410446CE
:101F30000D461646002700BF94F83C00012802D148
:101F40000220BDE8F081012084F83C0000BF36B1DA
:101F5000042E1BD0082E31D00C2E5ED145E0294630
:101F6000206801F0E1FE2068806940F008002168E7
:101F700088612068806920F00400216888612068F9
:101F80008069296908432168886148E029462068FA
:101F900001F0FAFE2068806940F4006021688861E1
:101FA0002068806920F480602168886120688069E9
:101FB000296940EA01202168886130E029462068CB
:101FC00001F016FF2068C06940F008002168C86170
:101FD0002068C06920F004002168C8612068C069D9
:101FE000296908432168C86119E02946206801F081
:101FF00033FF2068C06940F400602168C861206830
:10200000C06920F480602168C8612068C0692969BE
:1020100040EA01202168C86101E0012700BF00BF3C
:1020200000BF002084F83C0000BF384689E710B5A7
:1020300004460CB9012010BD94F83D0028B90020D9
:1020400084F83C00204600F025F8022084F83D008A
:10205000211D206801F000FE012084F8460000BF29
:1020600084F83E0001213F200155402001554120C8
:10207000015500BF00BF012084F8420043200155F4
:10208000442001554520015500BF012084F83D0042
:102090000020D0E708B50168B1F1804F0DD100BF35
:1020A0000649C96941F00101044AD1611146C96973
:1020B00001F00101009100BF00BF08BD0010024007
:1020C0007047000070B504460D4615B994F83E00FF
:1020D0000BE0042D02D13F20005D06E0082D02D167
:1020E0004020005D01E04120005D012801D0012079
:1020F00070BD1DB9022084F83E000EE0042D03D10E
:1021000002213F20015508E0082D03D10221402083
:10211000015502E002214120015501222946206893
:1021200001F0DCFD19492068884201D1012000E05E
:10213000002028B12068406C40F4004021684864C9
:102140001249206888420BD02068B0F1804F07D038
:102150000F492068884203D00E49206888420CD17C
:102160002068806800F00706062E0CD02068006802
:1021700040F001002168086005E02068006840F038
:102180000100216808600020B2E70000002C014037
:10219000000400400008004030B589B004465049B2
:1021A0002068884201D1FEF7B7FF4E492068884277
:1021B0007ED100200890079006900590049003902F
:1021C000029001904849086807F0E8F904904749EF
:1021D000086807F0E3F903904549086807F0DEF95D
:1021E00002904449086807F0D9F901903E494868CF
:1021F00007F0D4F90546049907F02DFB08900498E0
:1022000007F090F9384948603849486807F0C6F93E
:102210000546039907F01FFB0790039807F082F922
:10222000324948603249486807F0B8F905460299D2
:1022300007F011FB80F000400690029807F072F959
:102240002B4948602B49486807F0A8F905460199D1
:1022500007F001FB80F000400590019807F062F95B
:102260002449486000231A4608A92348006803F05F
:1022700083FF00231A4607A92048006803F07CFF6B
:1022800000231A4606A91E48006803F075FF0023C4
:102290001A4605A91B48006803F06EFF00231A4682
:1022A00004A91948006803F067FF00231A4600E0FC
:1022B00013E003A91548006803F05EFF00231A46E7
:1022C00002A91348006803F057FF00231A4601A92A
:1022D0001048006803F050FF00BF09B030BD000097
:1022E000002C014000040040D8010020E40100203F
:1022F000F0010020FC010020080100200C0100205A
:102300001001002014010020180100201C010020F1
:102310002001002024010020704700BFFEE7014695
:1023200008684069C0F38020B0B16FF480600A682B
:10233000506100200863202081F83D00002081F8D2
:102340003E00086C40F00400086400BF002081F8E3
:102350003C0000BF012070470020FCE72DE9F84356
:1023600004460F4615469946DDE908862068006850
:1023700040F48060216808602068006840F4807044
:1023800021680860434600224FF001112046009664
:1023900000F037F960B12068006800F48070B0F593
:1023A000807F02D14FF4007020640320BDE8F883E1
:1023B00007F0FE0021680861334642463E49204648
:1023C00000F07EF908B10120F0E700BF0020009086
:1023D00020684069009020688069009000BF00BFBD
:1023E00032464146204600F02DFA50B1206C0428B8
:1023F00005D12068006840F4007021680860012061
:10240000D4E7B9F1010F03D1E8B22168086117E000
:10241000C5F307202168086132464146204600F096
:1024200011FA50B1206C042805D12068006840F4EE
:102430000070216808600120B8E7E8B221680861EF
:1024400032464146204600F0FDF950B1206C042888
:1024500005D12068006840F4007021680860012000
:10246000A4E72068006840F4807021680860434653
:1024700000224FF001112046009600F0C2F858B13A
:102480002068006800F48070B0F5807F02D14FF4BE
:1024900000702064032089E7F8B240F00100216851
:1024A0000861334642460449204600F009F908B164
:1024B00001207BE7002079E7020001002DE9F843C5
:1024C0000446884615469946DDE908672068006895
:1024D00040F4807021680860334600224FF00111FB
:1024E0002046009700F08DF860B12068006800F485
:1024F0008070B0F5807F02D14FF40070206403201B
:10250000BDE8F88308F0FE00216808613B463246CA
:102510002149204600F0D4F808B10120F0E700BFBF
:102520000020009020684069009020688069009039
:1025300000BF00BF3A463146204600F083F950B153
:10254000206C042805D12068006840F400702168E0
:1025500008600120D4E7B9F1010F03D1E8B2216886
:10256000086117E0C5F30720216808613A46314643
:10257000204600F067F950B1206C042805D120688E
:10258000006840F40070216808600120B8E7E8B2F4
:10259000216808610020B3E70200010070B504461D
:1025A0000D46164625E02046FFF7B9FE08B101208A
:1025B00070BD681CE8B1FEF70FFA801BA84200D876
:1025C000BDB920684069C0F3800090B90020206345
:1025D000202084F83D00002084F83E00206C40F06C
:1025E0002000206400BF002084F83C0000BF0120D0
:1025F000DEE720684069C0F380000028D3D00020C7
:10260000D6E72DE9F04104460D4617461E46DDF893
:10261000188038E0701CA8B3FEF7DEF9A0EB0800C4
:10262000B04200D876BBC5F3074001280AD1206824
:102630004069A9B20840A9B2884201D101200BE04B
:10264000002009E020688069A9B20840A9B2884248
:1026500001D1012000E00020B84214D10020206305
:10266000202084F83D00002084F83E00206C40F0DB
:102670002000206400BF002084F83C0000BF01203F
:10268000BDE8F081FFE7C5F3074001280AD12068C3
:102690004069A9B20840A9B2884201D101200BE0EB
:1026A000002009E020688069A9B20840A9B28842E8
:1026B00001D1012000E00020B842ABD00020DFE7CC
:1026C0002DE9F04104460D4616461F4658E02068A5
:1026D0004069C0F38020E8B12068006840F40070D1
:1026E000216808606FF480602168486100202063E1
:1026F000202084F83D00002084F83E00206C40F04B
:102700000400206400BF002084F83C0000BF0120CA
:10271000BDE8F081701C90B3FEF75EF9C01BB042BB
:1027200000D866BBC5F3074001280AD1206840697C
:10273000A9B20840A9B2884201D101200BE00020D3
:1027400009E020688069A9B20840A9B2884201D195
:10275000012000E0002090B900202063202084F8B0
:102760003D00002084F83E00206C40F020002064F2
:1027700000BF002084F83C0000BF0120C8E7FFE74D
:10278000C5F3074001280AD120684069A9B2084072
:10279000A9B2884201D101200BE0002009E02068A5
:1027A0008069A9B20840A9B2884201D1012000E0A5
:1027B000002000288BD00020AAE770B504460D4603
:1027C000164637E020684069C0F30010A0B16FF0F2
:1027D00010002168486100202063202084F83D001B
:1027E000002084F83E00206C206400BF002084F8A4
:1027F0003C0000BF012070BDFEF7EEF8801BA84230
:1028000000D8BDB920684069C0F3801090B900209D
:102810002063202084F83D00002084F83E00206CD6
:1028200040F02000206400BF002084F83C0000BF7E
:102830000120E0E720684069C0F380100028C1D083
:102840000020D8E770B504460D46164625E0204620
:10285000FFF765FD08B1012070BD681CE8B1FEF707
:10286000BBF8801BA84200D8BDB920684069C0F3FE
:10287000C01090B900202063202084F83D00002083
:1028800084F83E00206C40F02000206400BF00204F
:1028900084F83C0000BF0120DEE720684069C0F3F7
:1028A000C0100028D3D00020D6E700002DE9F04F5B
:1028B00099B004460D4616464FF07E574FF000087B
:1028C0004FF000094FF0000A0EA80FA910AB11AA93
:1028D000CDE9001015A917A802F086F820B14FF035
:1028E000FF3019B0BDE8F08FBDF83C0000F48070F7
:1028F00000287CD0119806F051FE83464FF09D4190
:1029000006F01AFD0746129806F048FE83464FF07F
:102910009D4106F011FD8046139806F03FFE834668
:102920004FF09D4106F008FD8146149806F036FEF2
:1029300083464FF09D4106F0FFFC824639464FF03A
:10294000804006F08BFE4946059006F087FE414622
:1029500007904FF0404006F081FE5146059006F08A
:102960007DFE0690079906F079FC834606F04AFC46
:10297000CDE9080101F064FB4FF06632524BCDE91E
:102980000A0106F02FF9CDE90C0105F07BFE20606D
:1029900049464FF0804006F061FE4946029006F03D
:1029A0005DFE414604904FF0404006F057FE414620
:1029B000029006F053FE0390049906F057FF8346F9
:1029C0004FF07E5106F04AFC059006F01BFCCDE965
:1029D000080139464FF0804006F040FE4146039022
:1029E00006F03CFE494604904FF0804000E069E06C
:1029F00006F034FE5146039006F030FE83460499FB
:102A000006F02CFC059006F0FDFBCDE90601DDE9A2
:102A1000082301F05DFD4FF066322B4BCDE90A0132
:102A200006F0E0F8CDE90C0105F02CFE28605146D7
:102A3000504606F013FE49460490484606F00EFE46
:102A400041460390404606F009FE3946019038465B
:102A500006F004FE0090019906F000FC0290039934
:102A600006F004FF8346049906F000FF059006F087
:102A7000C9FBCDE908014946404606F0EFFD514645
:102A80000490384606F0EAFD0390049906F0E6FB50
:102A90004FF08041059006F0E1FD834606F0B2FB61
:102AA000CDE90601DDE9082301F012FD4FF06632A1
:102AB000054BCDE90A0106F095F8CDE90C0105F0CA
:102AC000E1FD306000200CE766A64C4038B5684652
:102AD00002F08EFB044614B14FF0FF3038BD782071
:102AE00003F0A0F9044614B16FF00100F6E7782076
:102AF00002F020FB044614B16FF00200EEE7C8209C
:102B000003F038F9044614B16FF00300E6E701F072
:102B10005FFF044614B16FF00400DFE7124802F0D3
:102B20008FFA054602F082F8044614B16FF00500F2
:102B3000D4E740F2731001F0F3FD044614B16FF0D6
:102B40000600CBE7C82002F039F8044614B16FF054
:102B50000700C3E7012002F0DBFF044614B16FF069
:102B60000900BBE70020B9E72C0000200EB50020CB
:102B7000029001900090FFF7A9FF1F49086003E051
:102B8000FFF7A4FF1C4908601B4800680028F7D124
:102B900000BF02AA694601A8FFF788FE174908602E
:102BA00002AA694601A8FFF781FE08B9012000E0EA
:102BB0000020E8B10021029806F01CFD04D2104963
:102BC000029806F04BFB02900E480078C82804DA01
:102BD0000C480078401C0B49087000231A4602A9D3
:102BE0000948006803F0C8FA052004F0B7FCD0E7F4
:102BF000012004F0B3FCCCE7EC000020F000002042
:102C00000000B443D40000200401002010B5324B72
:102C100000220121314803F04DFB31490860314A5F
:102C20000421052003F05AFA2F4908602F4A042195
:102C3000084603F053FA2E4908602E4A042108463C
:102C400003F04CFA2C4908602C4A0421084603F092
:102C500045FA2B4908602B4A0421084603F03EFA46
:102C600029490860294A0421084603F037FA28490F
:102C70000860284A0421084603F030FA2649086013
:102C8000264A0421084603F029FA25490860254A06
:102C90000421084603F022FA23490860234A002150
:102CA000234803F0ABFA23490860234A0021234854
:102CB00003F0A4FA22490860224A0021224803F0C6
:102CC0009DFA22490860224A0021224803F096FA20
:102CD0002149086010BD0000FCA70008230500087A
:102CE0002801002024A70008040100203CA70008B8
:102CF0000801002054A700080C0100206CA7000860
:102D00001001002084A70008140100209CA70008DF
:102D100018010020B4A700081C010020CCA700085F
:102D200020010020E4A700082401002094A6000848
:102D3000B13B0008F4000020B8A600086D2B000885
:102D4000F8000020DCA600083D300008FC00002050
:102D500000A70008F16D00080001002000B585B053
:102D60000020019002900390049000BF57488069B2
:102D700040F01000554988610846806900F0100055
:102D8000009000BF00BF00BF0846806940F02000EF
:102D900088610846806900F02000009000BF00BFF5
:102DA00000BF0846806940F00400886108468069D9
:102DB00000F00400009000BF00BF00BF084680691B
:102DC00040F0080088610846806900F00800009023
:102DD00000BF00BF00224FF4C0413D48FDF7F6FDA3
:102DE00000224CF22B013B48FDF7F0FD00224FF48E
:102DF00070613948FDF7EAFD4FF4C04001900120B1
:102E00000290002003900220049001A93048FDF7B1
:102E100045FCF0200190314802900120039001A967
:102E20002D48FDF73BFC4CF22B0001900120029055
:102E300003900220049001A92648FDF72FFC4FF4CF
:102E400070500190254802900120039001A921486B
:102E5000FDF724FC4FF44070019001200290039094
:102E60000220049001A91C48FDF718FC4FF44060B3
:102E7000019001200290002003900220049001A9FB
:102E80001548FDF70BFC10200190002002900390E4
:102E900001A91048FDF702FC002205210A20FEF7D7
:102EA000F3F90A20FEF7E0F9002205211720FEF7CA
:102EB000EBF91720FEF7D8F9002205212820FEF7AC
:102EC000E3F92820FEF7D0F905B000BD001002405C
:102ED00000100140000C01400008014000003110CA
:102EE00010B50B480B4908600B48486000210948A1
:102EF0008160C1604FF480410161002141618161C5
:102F0000C1610162FDF76EFD08B1FDF764FB10BD04
:102F100000540040A8040020801A060000B589B0C3
:102F20000020079008901C216846FDF732FA4FF008
:102F30008040234908604720486000212048816084
:102F400040F2E731C160002101618161FFF76FF854
:102F500008B1FDF740FB00200790089007A918482A
:102F6000FEF770FD08B1FDF736FB602000900020F1
:102F7000019002900490002269461148FEF7D5FFA7
:102F800008B1FDF728FB042269460D48FEF7CDFF86
:102F900008B1FDF720FB082269460948FEF7C5FF86
:102FA00008B1FDF718FB0C2269460548FEF7BDFF86
:102FB00008B1FDF710FB0248FEF78CFF09B000BD19
:102FC000FC04002000B587B0002003900490059019
:102FD00006900190029015481549086040F2CF20F4
:102FE000486000211248816040F2E731C160002151
:102FF000016180218161FEF767FD08B1FDF7EBFA01
:103000004FF48050039003A90948FEF725FE08B14C
:10301000FDF7E1FA00200190029001A90448FEF7B3
:1030200011FD08B1FDF7D7FA07B000BD000400405C
:103030004405002000BFFEE700BFFEE78EB0002081
:103040000C900D900B900790089009900A900690B4
:1030500005900490039000BF00BF00BF00BF00BFF9
:1030600000BF002400250026DD48DE4BDE4A00219B
:103070000090DE4800F022FBD948DA4BDC4A002100
:103080000090DC4800F01AFBD548DB4BDB4A0021FE
:103090000090DB4800F012FBD748DA4BDA4A0021F7
:1030A0000090DA4800F00AFBD348D64BD84A0021FA
:1030B0000090D84800F002FBCF48D24BD64A0021FE
:1030C0000090D64800F0FAFACB48CE4BD44A002103
:1030D0000090D44800F0F2FA00BF00231A460BA972
:1030E000D148006802F0BAFF10B1012002F060FF81
:1030F00000231A46CD49CE48006802F0AFFF10B158
:10310000012002F055FF00231A46CA49CA48006848
:1031100002F0A4FF10B1012002F04AFF00231A467A
:10312000C649C748006802F099FF10B1012002F0BB
:103130003FFF00231A46C349C348006802F08EFFD0
:1031400010B1012002F034FF00231A4606A9BF483F
:10315000006802F083FF10B1012002F029FF002374
:103160001A4605A9BA48006802F078FF10B101209C
:1031700002F01EFF00231A4604A9B648006802F0B8
:103180006DFF10B1012002F013FF00231A4603A9BE
:10319000B148006802F062FF10B1012002F008FFA0
:1031A000AE480078012809D1AD480078C82805D17B
:1031B000AC490B9808600020A8490870AA49A948A2
:1031C000006806F017FB07D8A749A648006806F074
:1031D0004DFBA44908600CE00021A248006806F0FD
:1031E00009FA06D2A0499F48006806F037F89D49C1
:1031F00008609B480078C82806D19A480B99006857
:1032000006F034FB9949086099499848006806F02F
:10321000F1F906D294499548006806F01FF89349E1
:10322000086094499148006806F0E4FA06D28E4995
:103230008E48006806F01AFB8C4908608E48002111
:1032400002686A4800F022F904468C4800210268AE
:10325000684800F01BF90546844800210268684868
:1032600000F014F906462946204605F0F7FF074608
:10327000314605F0F3FF07902946204606F0F6FA9E
:103280000746314605F0EAFF08902946204605F03A
:10329000E5FF0746314606F0E9FA0990294620463F
:1032A00006F0E4FA0746314606F0E0FA0A905F4875
:1032B000006880F0004A51465448079A00F0E6F84A
:1032C000814605F09FFF21F00041074605F020FCF4
:1032D00080B2ADF830005748006880F0004A51468F
:1032E0004C48089A00F0D2F8814605F08BFF21F097
:1032F0000041074605F00CFC80B2ADF832004F48A3
:10330000006880F0004A51464448099A00F0BEF82F
:10331000814605F077FF21F00041074605F0F8FBF4
:1033200080B2ADF834004748006880F0004A51464A
:103330003C480A9A00F0AAF8814605F063FF21F0A4
:103340000041074605F0E4FB80B2ADF836000020EE
:103350000BE00CA931F81010B1F57A7F04DB40F2D4
:10336000E7310CAA22F81010401C0428F1DB0021E0
:10337000264ABDF830000123CDE901210090022248
:103380003F49084600F08EFB0421224ABDF8320076
:10339000CB01CDE9012100908A013A49084600F0AD
:1033A00081FB08211D4ABDF83400CB02CDE9012183
:1033B00000908A023449084600F074FB0C21194A37
:1033C000BDF836004FF40043CDE9012100905A10BA
:1033D0002B49084600F066FB0A2004F0BFF87CE6A3
:1033E0000000484300007A446800002008020020E2
:1033F0007400002068020020000048428000002085
:10340000C802002000C079448C000020280300205E
:103410009800002088030020A4000020E80300207A
:10342000B00000204804002004010020DC0000203F
:1034300008010020E00000200C010020E400002032
:1034400010010020E80000201401002018010020D5
:103450001C0100202001002024010020BC000020CD
:10346000D4000020C00000200000B443C4000020AD
:10347000000034C300003443C8000020CC0000200A
:10348000000C014000080140001001402DE9F0410E
:1034900004460E4615462946606A06F00FF803D02A
:1034A00001208249087065628048007860B16088B8
:1034B0007F490988884204DD002060807B490870CC
:1034C00002E06088401C608014B90020BDE8F081F3
:1034D000A16DE165616DA1652562216B6163E16AA2
:1034E0002163E662D4E90B0105F0B8FE8046616B0A
:1034F00005F0B4FE07466F4905F01EFFA06228469E
:10350000A16A06F0B3F960656848007840BB606D59
:1035100005F078FE21F0004107460022664B05F0D9
:103520005FFC0CD2608850B90021606A05F0C6FFCC
:1035300005D0606920616088401C608016E04FF013
:103540007E51206905F0BAFF0BD05948008814213C
:1035500090FBF1F06188884203DD6088401C608048
:1035600004E04FF07E502061002060802078002829
:1035700051D1D4E9150106F079F9A0642169606898
:1035800006F06CF80746616D06F068F8E063616D5F
:10359000A06806F063F80746216C05F05FFE206422
:1035A000E16C2165A16CE164A16CE06806F056F85D
:1035B0006064E169206C06F01DF902D2E0692064C4
:1035C0000BE0E06980F000473846216C06F012F904
:1035D00003D2E06980F000402064D4E90F0105F0D7
:1035E0003DFE0746616C05F039FEA063A169A06B42
:1035F00006F000F902D2A069A06355E0A06980F04E
:1036000000473846A16B06F0F5F84DD2A06980F06E
:103610000040A06348E02078012845D1D4E9150195
:1036200006F024F90746616806F018F8E063616D5A
:10363000A06806F013F82064E16C2165A16CE164D8
:103640004FF08040A16D06F009F88046616D06F0EC
:1036500002F90746E16D05F001FEA064A16CE06887
:1036600005F0FCFF6064D4E90F0105F0F7FD80462A
:10367000616C05F0F3FD0746A16B05F0EFFDA0635B
:10368000A169A06B06F0B6F802D2A069A0630BE0B6
:10369000A06980F000473846A16B06F0ABF803D272
:1036A000A06980F00040A063A06B0FE73800002005
:1036B00040000020000040400000594070B5049CCC
:1036C00000B102B970BD017015684560556885602C
:1036D0009568C5608361C46100260665C66486641A
:1036E000866346640664C663C66586654665044DA2
:1036F0002D68456146630663C66200BFE2E70000CD
:103700003C00002001460148405C7047CC0100208D
:10371000002004E00021034A1154411CC8B20928CA
:10372000F8DB7047CC01002038B50446012000903A
:103730000020214948700120009037E0BDF80000CA
:10374000204028B1012291021C48FDF73FF905E015
:1037500000224FF480611948FDF738F90122082151
:103760001748FDF733F90A2000F0A4FF00220821D2
:103770001348FDF72BF90A2000F09CFF01220821D5
:103780000F48FDF723F910210D48FDF717F930B167
:1037900009484078BDF80010084307494870BDF853
:1037A00000004FF6FF7101EA40000090BDF80000F4
:1037B000FF28C3DD38BD0000CC0100200008014017
:1037C000000C014010B5FFF7A3FF00F085F80F488B
:1037D000C0780E49097940EA01200D49088000248B
:1037E0000FE00C4810F81400401E012101FA00F00F
:1037F00007490988084010B9601CC0B210BD601CA0
:10380000C4B2102CEDDB0020F8E70000CC01002052
:10381000420000204600002010B50022202115485B
:10382000FDF7D4F8102000F045FF0120FFF77CFFE2
:103830004320FFF779FF0020FFF776FF0120FFF715
:1038400073FF0020FFF770FF0020FFF76DFF0020DF
:10385000FFF76AFF0020FFF767FF0020FFF764FF14
:10386000012220210348FDF7B1F8102000F022FFCB
:1038700010BD0000000C014010B5002220211548A9
:10388000FDF7A4F8102000F015FF0120FFF74CFF12
:103890004320FFF749FF0020FFF746FF0020FFF716
:1038A00043FF5A20FFF740FF5A20FFF73DFF5A2001
:1038B000FFF73AFF5A20FFF737FF5A20FFF734FF90
:1038C000012220210348FDF781F8102000F0F2FECC
:1038D00010BD0000000C01401CB50020019001202B
:1038E0000090002220212848FDF770F82749087829
:1038F000FFF71AFF25494878FFF716FF02200190CD
:1039000037E00120009028E0012208211E48FDF741
:103910005DF8002208211C48FDF758F80A2000F045
:10392000C9FE012208211848FDF750F81021164859
:10393000FDF744F850B116489DF80410405CBDF8FE
:103940000010084312499DF804208854BDF8000077
:103950004FF6FF7101EA40000090BDF80000FF281B
:10396000D2DD0A2000F0A6FE9DF80400401CC0B283
:1039700001909DF804000928C3DB012220210248A0
:10398000FDF724F81CBD0000000C0140440000209D
:10399000CC01002010B500F00DF800F00BF800F09D
:1039A00009F8FFF739FF00F029F800F053F8FFF7A6
:1039B00063FF10BD10B5002220210F48FDF706F867
:1039C000102000F077FE0120FFF7AEFE4220FFF747
:1039D000ABFE0020FFF7A8FE0020FFF7A5FE0020A9
:1039E000FFF7A2FE012220210348FCF7EFFF102081
:1039F00000F060FE10BD0000000C014010B5002278
:103A000020211348FCF7E2FF0120FFF78DFE442040
:103A1000FFF78AFE0020FFF787FE0120FFF784FEF4
:103A2000EE20FFF781FE0020FFF77EFE0020FFF76B
:103A30007BFE0020FFF778FE0020FFF775FE0122D5
:103A400020210348FCF7C2FF102000F033FE10BD18
:103A5000000C014010B5002220210F48FCF7B6FFF2
:103A6000102000F027FE0120FFF75EFE4D20FFF73B
:103A70005BFE0020FFF758FE0020FFF755FE0120F7
:103A8000FFF752FE012220210348FCF79FFF102080
:103A900000F010FE10BD0000000C014010B5FDF755
:103AA00047FC10BD2DE9F04782460E461746984662
:103AB000DDE908590A9C4FF08041D9F8380005F03B
:103AC00099FE1ED21CB92F48006845630EE0042CF5
:103AD00003D12C480068856308E0082C03D12948ED
:103AE0000068C56302E02748006805640022394683
:103AF0005046FCF76BFF012241463046FCF766FF5B
:103B00003DE04FF04041D9F8380005F073FD1ED27A
:103B10001CB91C48006845630EE0042C03D1194809
:103B20000068856308E0082C03D116480068C56367
:103B300002E0144800680564012239465046FCF74B
:103B400045FF002241463046FCF740FF17E024B90C
:103B500000200C490968486311E0042C04D10020BE
:103B60000849096888630AE0082C04D10020054947
:103B70000968C86303E00020024909680864BDE8D9
:103B8000F0870000FC04002008B508490968C9084E
:103B90004FF47A72B1FBF2F14143009100BF00BFD4
:103BA00000994A1E00920029F9D108BD3801002071
:103BB00000BF012002F0FCF9FBE710B54FF0E02058
:103BC000006904F0B5FA012801D003F06BFE10BDC6
:103BD00000B58FB0282105A8FCF7DBFB142168464F
:103BE000FCF7D7FB01200590000406900020079009
:103BF0000120099002200C90C1030D914FF4E011B7
:103C00000E9105A8FDF7EAFC08B1FCF7E4FC0F20D3
:103C1000009002200190002002904FF480600390F9
:103C20000020049002216846FDF792FB08B1FCF7E2
:103C3000D2FC0FB000BD704710B50248FEF793F8F4
:103C400010BD00008C05002010B50248FEF78BF86F
:103C500010BD00004405002010B502681C4B9842BE
:103C600008D0B0F1804F05D01A4B984202D01A4BC1
:103C7000984203D122F070024B681A43144B9842C9
:103C800008D0B0F1804F05D0124B984202D0124BB1
:103C9000984203D122F44072CB681A4322F0800389
:103CA0004C6943EA040202608B68C3620B6883625A
:103CB000074B984201D10B690363012343610369F8
:103CC00003F001031BB1036923F00103036110BD7D
:103CD000002C0140000400400008004030B501F015
:103CE0001F05012404FA05F3046A9C430462046A74
:103CF00001F01F0502FA05F52C43046230BD30B512
:103D00000C46816821F47F4142EA0325254329437B
:103D1000816030BD0A46816821F0700142F00703DE
:103D2000194381607047000030B5026A056A25F0CA
:103D3000010505624368846924F0700424F00304DB
:103D40000D682C4322F002028D682A430D4DA842D3
:103D500006D100BF22F00802CD682A4322F00402F7
:103D6000084DA84207D123F4807323F400734D69F2
:103D70002B438D692B43436084614D684563026228
:103D800030BD0000002C014030B5026A056A25F004
:103D9000100505624368846924F4E04424F4407407
:103DA0000D6844EA052422F020028D6842EA0512DB
:103DB0000E4DA84207D100BF22F08002CD6842EA32
:103DC000051222F04002094DA84209D123F4806374
:103DD00023F400634D6943EA85038D6943EA850353
:103DE000436084614D688563026230BD002C0140F0
:103DF00030B5026A056A25F4807505624368C469B6
:103E000024F0700424F003040D682C4322F40072A3
:103E10008D6842EA05220F4DA84207D100BF22F467
:103E20000062CD6842EA052222F48062094DA84270
:103E300009D123F4805323F400534D6943EA051359
:103E40008D6943EA05134360C4614D68C56302622E
:103E500030BD0000002C014030B5036A056A25F42E
:103E6000805505624468C26922F4E04222F440723F
:103E70000D6842EA052223F400538D6843EA0533B6
:103E8000064DA84204D124F480444D6944EA8514C7
:103E90004460C2614D680564036230BD002C01407E
:103EA00030B50B461446026A056A25F00105056225
:103EB000816921F0F00141EA041122F00A021A435B
:103EC0008161026230BD30B50B461446026A056A54
:103ED00025F010050562816921F4704141EA043141
:103EE00022F0A00242EA03128161026230BD70B585
:103EF0000546284603F004F9044614B1D4E900103D
:103F0000884770BD00BFFEE7490050EAC12018BFD6
:103F100004204A0D18BF40F0010040F2FF72B2EBDE
:103F2000515F08BF40F00200012808BF052070471C
:103F300002480068C0F30220704700000CED00E06A
:103F400010B5002804DB0A07130E054A135406E0D7
:103F50000A07140E034A00F00F031B1FD45410BDB0
:103F600000E400E018ED00E0EFF3058070472DE974
:103F7000F0414F1E00EBC7010446D1E90001154690
:103F80001E4637F006020DD02A46334604F02AFEBC
:103F90007F1E04EBC703D3E9002304F0A5FB37F031
:103FA0000602F1D1022F25D0042F13D0062F18BFFF
:103FB000BDE8F0812A46334604F014FED4E90A2312
:103FC00004F092FB2A46334604F00CFED4E90823A1
:103FD00004F08AFB2A46334604F004FED4E90623A3
:103FE00004F082FB2A46334604F0FCFDD4E90423A6
:103FF00004F07AFB2A46334604F0F4FDD4E90223A8
:1040000004F072FB2A46334604F0ECFDD4E90023A9
:10401000BDE8F04104F068BB012205F0CEBC04F01D
:1040200063BB002213461046114604F019BC000081
:10403000024A0020110705F0C0BC000001FDFFFF8F
:104040002DE9F04D8D4F21F0004A86B005460C4613
:10405000BA452ADBAAEB070028430AD088488245E4
:1040600001DC1AD1CDB106B02846BDE8F04DFFF70E
:10407000D3BF844A844B284604F0B4FD07460E465D
:10408000824A834B2846214604F0ACFD06B03A46EE
:104090003346BDE8F04D04F027BB0120FCF7A8F93A
:1040A00006B0BDE8F04DFFF7BCBF7A48824542DA62
:1040B000BAF1795F0BDA2846FFF726FF042808BF1C
:1040C000FFF7B6FF284606B02146BDE8F08D2A4628
:1040D0000B46104604F086FD834602466E480E46A7
:1040E0000B4606217844FFF742FF5A46334604F058
:1040F00079FD804669488A465A4633460421784409
:10410000FFF735FF5A46334604F06CFD00223B466C
:1041100004F0EAFA02460B464046514604F0A0FB82
:104120002A46234604F05EFD06B02A462346BDE833
:10413000F04D04F0D9BA284624F0004100223D4653
:104140003B4604F083FE4FF0FF3205F036FC064696
:10415000024653480F460B4606217844FFF707FFF7
:1041600032463B4604F03EFDCDE900014D48324663
:104170003B4604217844FFF7FAFE32463B4604F002
:1041800031FD00222B4604F0AFFA834602913046FF
:10419000394603F035F8804643480D46504517DC54
:1041A000DDE900015A46029B04F05AFB42462B46C9
:1041B00004F018FD42462B4604F096FA012205F061
:1041C000FCFB304A304B04F033FF304A304B4CE0BC
:1041D0004FF0000A52460B46404604F085FACDE9FE
:1041E000031052462B461046194604F0FBFC32469B
:1041F0003B4604F02BFEDDE9033204F031FB0646BA
:104200000F46DDE900015A46029B04F029FB834674
:10421000009101223046394605F0CFFB194A1A4B6E
:1042200004F014FE06460F4601224046294605F0DA
:10423000C4FB5A46009B04F0D5FC32463B4604F0D2
:10424000F7FE06460F4601225046294605F0B5FB0B
:104250000E4DDFF858802A46434604F0F7FD3246FB
:104260003B4604F0F3FD2A46434604F0EFFD002CE4
:10427000D8BF81F0004106B0BDE8F08D0000F03FEE
:104280000000F07F075C143326A6913C182D44549F
:10429000FB21F93F0000E03F506700006667000027
:1042A000DA660000F06600003333EF3FFB21E93FA0
:1042B0002DE9F84F04460D4621F000400091734966
:1042C000814211DC7249884201DC06D12CB12046C2
:1042D0002946BDE8F84FFFF79FBE6E48002DCCBFC2
:1042E0006D496E49BDE8F88F6D49814211DD6D4918
:1042F0008142D8BF4FF0FF366DDD20462946FFF7DB
:1043000003FE042808BFFFF793FE20462946BDE8B8
:10431000F88F6549654F25F00045814233DD6449DA
:10432000814219DD002632464FF08043204629465F
:1043300004F0DAF980468A4601222046294605F033
:104340003CFB00223B4604F073FE4246534604F019
:1043500087FA04460D463EE001260022BA463B4657
:104360002046294604F0C0F980460F4600225346F5
:104370002046294604F05CFE42463B4604F070FAB3
:1043800004460D4627E04B4981421BDDDFF828A19A
:104390000226002253462046294604F023FC002230
:1043A0003B4604F0A1F980460F46002253462046C2
:1043B000294604F03DFE42463B4604F051FA0446CD
:1043C0000D4608E0032622462B4600203B4904F018
:1043D00047FA04460D4622462B461046194604F07D
:1043E00001FC8B46824602460B4604F0FBFB074667
:1043F0000246334888460B4606217844FFF7B7FD4E
:1044000052465B4604F0EEFB82462E488B463A4607
:10441000434605217844FFF7AAFD3A46434604F097
:10442000E1FB02460B46002E504659460CDA04F0DA
:104430005BF922462B4604F0D5FB01B022462B4601
:10444000BDE8F04F04F002BD04F04EF922462B46C1
:1044500004F0C8FB1C4A7A4402EBC603D3E90023EC
:1044600004F0E6FD22462B4604F0E2FD174A7A44AA
:1044700002EBC603D3E9002304F0E8FC009A002A0B
:10448000B8BF81F00041BDE8F88F00000000104483
:104490000000F07F182D4454FB21F93FFB21F9BFA8
:1044A0000000DC3F0000203E0000F33F0000F03F32
:1044B0000000E63F008003400000F83F0000F0BF2E
:1044C000F2640000B06400004E6400001664000056
:1044D0002DE9F04D9446CCF1000423F000464CEA5F
:1044E0000404524F46EAD4749A46884621F00042AA
:1044F000BC4206D8454240EA050442EAD474BC42B4
:1045000004D9BDE8F04D6246FFF789BDAAF14055D8
:10451000A5F17F6555EA0C040BD0022404EAAA74C5
:10452000434DDFF810E144EAD87452EA000B04D09E
:104530000CE0BDE8F04DFFF7BBBE002C14BF012C12
:10454000BDE8F08D022C30D0032C32D056EA0C0B93
:104550000AD0BE4220D1BA4209D126F0804622F0CC
:1045600080423346114617E000291ADB25E0DFF8C8
:10457000C8B0FB44002C04BFDBE90001BDE8F08DAE
:10458000012C02BFDBE9000181F00041BDE8F08DA4
:10459000022C0AD0032C0CD0BA4212D1B8F1000F71
:1045A0000BDA23482549BDE8F08D28462449BDE8AB
:1045B000F08D28467146BDE8F08D1D482149BDE8C3
:1045C000F08D921B12153C2AC4BF19481D490EDC00
:1045D000BAF1000FBEBF12F13C0F0020014606DB0E
:1045E000624604F03DF921F00041FFF761FE002C26
:1045F00008BFBDE8F08D012C04BF81F00041BDE88B
:10460000F08D114A114B022C07D004F011FD2A46FF
:10461000BDE8F04D0A4B04F00BBD04F009FD2A463D
:10462000BDE8F04D064B04F011BC00000000F07F27
:10463000182D4454FB2109C0AA630000FB21F9BFD7
:10464000FB210940FB21F93F075C143326A6A13C5E
:104650002DE9F0410446E07800F0C006E07800F073
:104660003F05607800F0010098B1EF102846E91787
:1046700005EB5171C910A5EBC101491C01F0FF0800
:104680000B48006820B10A48414602683846904706
:1046900000BF607800F0080030B10548406818B1EC
:1046A000B011034A516888470020BDE8F08100003E
:1046B000BC01002010B5084B5968084B1B68084C1A
:1046C000B3FBF4F303FB00F200BF034B5B685B1A20
:1046D0009342FAD310BD0000001000E03801002022
:1046E00040420F0038B5044664B120208DF8000028
:1046F00028208DF8010030208DF8020038208DF838
:10470000030004E0A32204216846FBF73AFE6A4650
:10471000042140F69E2001F0FDFB00F0A5FF38BD0E
:104720003EB5044602208DF80000CA208DF8010035
:10473000E3208DF8020009208DF803006A46042169
:10474000682001F0E7FBA3208DF8000004F0400092
:1047500048B1C0208DF80100C8208DF80200C220A9
:104760008DF8030006E0A3208DF801008DF802000B
:104770008DF8030004F4C07048B1C4208DF8040023
:10478000CC208DF80500C6208DF8060006E0A32099
:104790008DF804008DF805008DF80600A3208DF833
:1047A00007008DF808008DF809006A460A2140F6D6
:1047B000A72001F0AFFB04F0030018B120208DF812
:1047C000000002E0D8208DF800006A46012140F682
:1047D000B62001F09FFB04F0200018B1012000F08A
:1047E000ADF802E0002000F0A9F804F4C07008B3AE
:1047F00004F4807060B1B2208DF800008B208DF839
:104800000100B6208DF802009B208DF803000BE01C
:10481000B0208DF8000080208DF80100B4208DF8C4
:10482000020090208DF803006A46042140F6A22081
:1048300001F070FB04F0010020B3F8208DF80000B7
:104840006A4601214FF40B6001F064FBFA21072056
:1048500000F000FB072000F0C7FA012000F0E7FAA3
:10486000642000F0C7FB4FF4FA7000F0D6FBC821BB
:10487000304800F077FA282000F090FA0A2000F083
:10488000A0FA08E0D8208DF800006A4601214FF414
:104890000B6001F03FFB04F0020018B1D9208DF845
:1048A000000002E0D8208DF800006A46012140F2A5
:1048B0003D7001F02FFB04F0040018B1012000F05E
:1048C00069F802E0002000F065F804F0100018B16B
:1048D0000120FFF707FF02E00020FFF703FF44F08D
:1048E00008001549488100F0BFFE00201249887376
:1048F00004F0400018B10846807B801D887304F4E2
:10490000C07020B10C48807B801D0B49887304F077
:10491000140020B10848807B10300749887304F0E8
:10492000030020B10448807B001D034988730020E8
:104930003EBD000009E3CA02BC0100203EB50446AA
:104940006CB10EA1D1E900208968CDE90020029167
:104950006A4609214FF4976001F0DCFA3EBD0AA2D5
:10496000D2E900109268CDE9010200916A4609215E
:104970004FF4976001F0CEFAF0E70000B8AAB38DCB
:10498000B4980D355D000000B8AAAAAAB088C3C5C6
:10499000C700000038B5044664B1C0208DF800009F
:1049A000C2208DF80100C4208DF80200C6208DF8C9
:1049B000030004E08B2204216846FBF7E2FC6A4610
:1049C000042140F6982001F0A5FA00F04DFE38BD14
:1049D00010B5C8234FF48062024940F6F63000F06B
:1049E00097FC10BD9C9A00082DE9F04F8DB007464A
:1049F000884615469946DDE9166B00240020308074
:104A00006D49887B5A4605A900F068FD18B1601E03
:104A10000DB0BDE8F08F6848807A00F014000028DF
:104A200067D09DF8140000069DF8151040EA01407B
:104A30009DF8161040EA01209DF8171008432860E1
:104A40009DF8180000069DF8191040EA01409DF8F5
:104A50001A1040EA01209DF81B10084368609DF879
:104A60001C0000069DF81D1040EA01409DF81E1034
:104A700040EA01209DF81F100843A8609DF820001F
:104A800000069DF8211040EA01409DF8221040EAFE
:104A900001209DF823100843E86004F11000C4B21F
:104AA000286800140190686800140290A868001437
:104AB0000390E8680014049001984043029901FBB8
:104AC0000100039901FB0100049901FB010ABAF1FD
:104AD000706F02DBBAF1885F05DD00F0C5FD0020D4
:104AE0003080401E94E7B6F9000040F480703080BA
:104AF00000BF3148807A00F0400020B305A9601C57
:104B0000085C095D40EA012000B2A8F8000005A990
:104B1000E01C095C05AAA01C105C41EA002000B260
:104B2000A8F8020005A9601D095C201D105C41EA7F
:104B3000002000B2A8F80400A01DC4B2B6F900001D
:104B400040F0080030801C48408900F4C07008B371
:104B500005A9601C085C095D40EA012000B23880AC
:104B600005A9E01C095C05AAA01C105C41EA002014
:104B700000B2788005A9601D095C201D105C41EA27
:104B8000002000B2B880A01DC4B2B6F9000040F009
:104B9000700030800848807A00F0030018B105A941
:104BA0000819FFF755FD00BFFBF716FFC9F8000015
:104BB00000BF00202CE70000BC01002030B585B00C
:104BC000044616A207CA02AB07C3C82C03DD4FF088
:104BD000FF3005B030BDC82090FBF4F0401E85B218
:104BE000280A8DF80000E8B28DF801006A4602211B
:104BF00040F2162001F08EF910B14FF0FF30E8E7D7
:104C000002AA0C2140F6C12001F084F910B14FF046
:104C1000FF30DEE7044884810020DAE7FEF2ABC40F
:104C2000AAF1DFDFBBAFDFDFBC01002010B586B02B
:104C3000044647A00068039046A00068029046A082
:104C40000068019045A00068009004F0030003A9EB
:104C5000085C8DF8140003A8C4F3C101405C8DF812
:104C6000150003A8C4F38111405C8DF8160004F010
:104C7000030002A9085C8DF8100002A8C4F3C1016A
:104C8000405C8DF8110002A8C4F38111405C8DF8DE
:104C9000120005AA032140F2264001F03BF918B1A9
:104CA0004FF0FF3006B010BD04AA032140F22A40A5
:104CB00001F030F910B14FF0FF30F3E701980590A3
:104CC0000098049004F0040058B19DF8140040F0DE
:104CD00001008DF814009DF8100040F001008DF8DF
:104CE000100004F0200058B19DF8150040F00100BC
:104CF0008DF815009DF8110040F001008DF81100AD
:104D000004F4807058B19DF8160040F001008DF851
:104D100016009DF8120040F001008DF8120005AA5F
:104D200003214FF4886001F0F5F810B14FF0FF3027
:104D3000B8E704AA032140F2314001F0EBF810B1CA
:104D40004FF0FF30AEE7064804810020AAE70000DC
:104D50004CCD6C000CC92C003656760026466600F9
:104D6000BC010020F8B505460E464FF47A7095FB5D
:104D7000F0F000FB06F4200E8DF80000200C8DF8FA
:104D80000100200A8DF80200E0B28DF803006A46A7
:104D900004214FF4AE7001F0BDF8F8BD38B50446FB
:104DA000052094FBF0F084B220128DF80000E0B2F0
:104DB0008DF801006A4602214FF4AD7001F0AAF8A7
:104DC00038BD38B50446052094FBF0F084B22012BB
:104DD0008DF80000E0B28DF801006A4602214FF420
:104DE000AC7001F097F838BD38B50446002000904B
:104DF00004F0010020B19DF8000040F03000009068
:104E000004F0020020B19DF8000040F00C0000907A
:104E100004F0040020B19DF8000040F00300009071
:104E20006A4601214FF4A47001F074F838BD38B51A
:104E30000446012C01DA012402E0042C00DD0424E4
:104E4000601EC0B200906A46012140F24F1001F08E
:104E500061F838BD2DE9FC4706460F4606F007000D
:104E600010B1B7F5C86F03DD4FF0FF30BDE8FC8728
:104E7000384604F0ABFB8146594904F05DFA8046A0
:104E8000684600F08FF99DF80000022806D004283B
:104E900016D0082826D0102848D135E04FF08D4193
:104EA000404604F0DBFB814604F058FB84B24D49D8
:104EB000404604F0D3FB814604F050FB85B238E055
:104EC0004FF08C41404604F0C9FB814604F046FB9C
:104ED00084B24549404604F0C1FB814604F03EFBE4
:104EE00085B226E04FF08B41404604F0B7FB814687
:104EF00004F034FB84B23D49404604F0AFFB8146E8
:104F000004F02CFB85B214E04FF08A41404604F0D7
:104F1000A5FB814604F022FB84B23549404604F0EB
:104F20009DFB814604F01AFB85B202E04FF0FF3092
:104F30009CE700BF20128DF80400E0B28DF8050058
:104F400028128DF80600E8B28DF8070006F001007F
:104F5000A0B101AA02214FF4EA7000F0DBFF10B10A
:104F60004FF0FF3082E70DF1060202214FF49270FC
:104F700000F0D0FF10B14FF0FF3077E706F00200ED
:104F8000A0B101AA02214FF4EC7000F0C3FF10B1F0
:104F90004FF0FF306AE70DF1060202214FF49470E2
:104FA00000F0B8FF10B14FF0FF305FE706F00400EB
:104FB000A0B101AA02214FF4EE7000F0ABFF10B1D6
:104FC0004FF0FF3052E70DF1060202214FF49670C8
:104FD00000F0A0FF10B14FF0FF3047E7002045E799
:104FE00000004843000040460000C0450000404526
:104FF0000000C04438B50446052094FBF0F085B2AB
:1050000028128DF80000E8B28DF801006A460221EE
:105010004FF4EF7000F07EFF38BD38B50446052030
:1050200094FBF0F085B228128DF80000E8B28DF8FC
:1050300001006A4602214FF4ED7000F06BFF38BDAD
:1050400070B50546284600F00FF80446E81C00F04D
:105050000BF844EAC00084B2A81D00F005F844EA49
:10506000801084B2204670BD014691F90020002ACC
:1050700001DD00201EE091F90020002A01DA042061
:1050800018E091F90120002A01DD012012E091F9D8
:105090000120002A01DA05200CE091F90220002A03
:1050A00001DD022006E091F90220002A01DA062043
:1050B00000E0072070470000FCF73AF8FEF76AFCB2
:1050C000FEF786FDFDF74AFEFDF728FFFDF77AFFA4
:1050D000FDF706FF1448FCF74DFD1448FCF780FD72
:1050E00000211148FCF7EEFF04210F48FCF7EAFF0E
:1050F00008210D48FCF7E6FF0C210B48FCF7E2FF06
:1051000000224FF400610A48FBF760FC0122D10243
:105110000748FBF75BFC00F05BFFFDF777FD00F055
:105120006DFF00BFFEE70000FC04002044050020E6
:105130000008014070B50446002624F00104184818
:1051400090F8240008B1002070BD1548807A10B98D
:105150004FF0FF30F8E71248057C807A2040104974
:1051600008740846007CA04202D04FF0FF3600E0F1
:10517000002614B90A48007D18B1012001F0E8FFAB
:1051800002E0002001F0E4FF3CB100F06DFA20B134
:10519000034805744FF0FF30D6E73046D4E70000EF
:1051A0000000002001461148407A30B1012807D0A4
:1051B000022808D003280CD108E0022008700BE078
:1051C0000420087008E00820087005E0102008702E
:1051D00002E04FF0FF30704700BF0448C07C18B1B8
:1051E00008784006000E08700020F4E70000002058
:1051F00010B586B0044680208DF8100040000121D3
:1052000004AACDE9002102903F480068427D3E4853
:105210004068017801233D48FBF786FE18B14FF046
:10522000FF3006B010BD6420FBF7D8F900208DF8E0
:1052300010004FF48070012104AACDE900210290F2
:1052400031480068427D30484068017801232F488A
:10525000FBF76AFE10B14FF0FF30E2E700212A4869
:10526000C174FF218172FF2027490872FF2126485F
:105270004172C1724FF6FF71C181FF2101748174C7
:105280000121017380F82210002180F8231041755C
:1052900001751630016041608160163880F8241075
:1052A00080F82510C1844FF4FA6000F089FC10B139
:1052B0004FF0FF30B5E7022000F00AFB10B14FF0CD
:1052C000FF30AEE72A2000F009FD10B14FF0FF30AB
:1052D000A7E7322000F04EFD10B14FF0FF30A0E7FD
:1052E0000020FFF727FF10B14FF0FF3099E70020B3
:1052F00000F03AFB10B14FF0FF3092E7002000F0D1
:1053000091FD00208DE7000000000020A80400208F
:105310002DE9F04389B005460E46904699462D4842
:1053200090F8250020B14FF0FF3009B0BDE8F083C0
:1053300016B94FF0FF30F8E7002423E0281B1028AF
:1053400001DD102000E0281B87B2321939462046C3
:1053500000F0E0FD10B14FF0FF30E6E705AA394656
:10536000204600F033F910B14FF0FF30DDE730197F
:105370003A4605A9FAF794FF10B16FF00100D4E79F
:10538000E01984B2AC42D9DB4FEA28208DF8100036
:1053900008F0FF008DF811004FF48070022104AA7C
:1053A000CDE9002102900B480068427F094840681F
:1053B000017801230848FBF7B7FD10B14FF0FF302B
:1053C000B3E70121034880F82510A0F826900020BB
:1053D000ABE7000000000020A80400201FB5044631
:1053E000282C03DD4FF0FF3004B010BD14BB0020AB
:1053F00000F034FC00208DF80C0007208DF80D0023
:105400004FF48070022103AACDE9002102903148B7
:105410000068427D2F484068017801232E48FBF741
:1054200083FD10B14FF0FF30DEE700212948017500
:105430000020D9E7012000F011FC20208DF80C009D
:10544000012C06D100208DF80D00052000F046FC4F
:1054500017E0052C06DC01208DF80D00052000F07A
:105460003DFC0EE0142C06DC02208DF80D000A2015
:1054700000F034FC05E003208DF80D00142000F04E
:105480002DFC9DF80D00072101EB8010C0B28DF8B6
:105490000D004FF48070022103AACDE90021029093
:1054A0000C480068427D0B484068017801230A4897
:1054B000FBF73AFD10B14FF0FF3095E708210548A2
:1054C000817200210173012101750020FFF732FE76
:1054D000002089E700000020A80400202DE9FF41FA
:1054E00004460F461646374890F8240020B94FF07E
:1054F000FF3004B0BDE8F0813248807A10B94FF037
:10550000FF30F6E74FF48070022103AACDE90021B5
:1055100002902C480068027B2A48406801780123E9
:105520002948FBF747FB10B14FF0FF30E1E79DF84A
:105530000D009DF80C1040EA0125A54203DA002079
:105540003070401ED5E71F4840684088B5EB600FBB
:105550001EDD4FF48070012103AACDE900210290E5
:1055600018480068C27C1748406801780123164833
:10557000FBF720FB10B14FF0FF30BAE79DF80C00AD
:1055800000F0100020B100F06FF86FF00100B0E7FC
:105590004FF48070CDE9007402900A480068427BA5
:1055A00008484068017801230748FBF703FB10B166
:1055B0004FF0FF309DE795FBF4F0401E3070002067
:1055C00097E7000000000020A80400207FB50446F3
:1055D0000D4616461EB94FF0FF3004B070BD20488E
:1055E000807A10B94FF0FF30F7E720128DF80C00E9
:1055F000E0B28DF80D009DF80D0028441849496867
:105600004989884202DD4FF0FF30E6E74FF48070B1
:10561000022103AACDE90021029011480068C27E50
:105620000F484068017801230E48FBF77DFC10B15C
:105630004FF0FF30D1E74FF48070CDE90065029064
:1056400007480068027E0648406801780123054843
:10565000FBF7B0FA10B14FF0FF30BEE70020BCE717
:1056600000000020A80400201FB59748807A18B9D0
:105670004FF0FF3004B010BD002003904FF4807055
:10568000012103AACDE9002102908F480068427CE5
:105690008D484068017801238C48FBF745FC10B128
:1056A0004FF0FF30E6E74FF48070012103AACDE907
:1056B000002102908448006842798348406801785C
:1056C00001238248FBF730FC10B14FF0FF30D1E7E7
:1056D0004FF48070012103AACDE9002102907A489D
:1056E0000068027978484068017801237748FBF721
:1056F0001BFC10B14FF0FF30BCE7734890F824005A
:10570000002870D00C2003904FF48070012103AA70
:10571000CDE9002102906C48006802796A4840682F
:10572000017801236948FBF7FFFB10B14FF0FF3010
:10573000A0E73220FAF752FFC02003906248807A37
:1057400000F0010020B19DF80C0040F02000039013
:105750004FF48070012103AACDE9002102905A483C
:105760000068027958484068017801235748FBF7E0
:10577000DBFB10B14FF0FF307CE75348407C10B1A9
:105780000220039001E0002003904FF4807001217B
:1057900003AACDE9002102904B480068427C4A48A8
:1057A0004068017801234948FBF7BEFB10B14FF078
:1057B000FF305FE7002003904FF48070012103AABF
:1057C000CDE9002102904048006842793E48406897
:1057D000017801233D48FBF7A7FB002872D04FF06A
:1057E000FF3047E7FFE7042003908001012103AA6F
:1057F000CDE90021029034480068027932484068BF
:10580000017801233148FBF78FFB10B14FF0FF30D7
:1058100030E72D48807C20B92B48807A00F00100C9
:1058200010B94020039001E0602003904FF4807095
:10583000012103AACDE900210290234800680279E2
:1058400021484068017801232048FBF76DFB10B127
:105850004FF0FF300EE73220FAF7C0FE1A48407CC6
:1058600010B10120039001E0002003904FF48070FC
:10587000012103AACDE90021029013480068427C6F
:1058800011484068017801231048FBF74DFB10B127
:105890004FF0FF30EEE64FF4807101220A481030DD
:1058A000CDE901210090103800684279064840682F
:1058B000017801230548FBF737FB10B14FF0FF30AB
:1058C000D8E6FFE70020D5E600000020A80400206D
:1058D0001FB504462248807A18B94FF0FF3004B053
:1058E00010BD022C06D0042C07D0082C08D0102C98
:1058F0000CD108E0002003900BE00820039008E0A2
:105900001020039005E01820039002E04FF0FF30D4
:10591000E5E700BF1248407A9DF80C10B0EBE10FAC
:1059200001D10020DBE74FF48070012103AACDE90B
:10593000002102900A480068C2790948406801784D
:1059400001230848FBF7F0FA10B14FF0FF30C6E72B
:105950009DF80C00C110024841720020BFE7000012
:1059600000000020A80400201FB504466648807C83
:10597000A04202D1002004B010BD002C5BD04FF437
:105980008070012103AACDE9002102905E480068E1
:1059900002795D484068017801235C48FBF70AF909
:1059A00010B14FF0FF30E6E79DF80C0020F020002A
:1059B00003904FF48070012103AACDE900210290E9
:1059C00051480068027950484068017801234F48E7
:1059D000FBF7AAFA10B14FF0FF30CCE70320FAF73B
:1059E000FDFD02200390484890F8220020B19DF868
:1059F0000C0040F080000390434890F8230020B151
:105A00009DF80C0040F0300003904FF480700121AD
:105A100003AACDE9002102903B480068C27D3A48C4
:105A20004068017801233948FBF77EFA002866D0E8
:105A30004FF0FF309FE74FF48070012103AACDE9BA
:105A4000002102903048006802792F4840680178B0
:105A500001232E48FBF7AEF810B14FF0FF308AE774
:105A60002948807A00F0010028B19DF80C0040F030
:105A70002000039004E09DF80C0020F0200003902B
:105A80004FF48070012103AACDE9002102901E4845
:105A9000006802791C484068017801231B48FBF725
:105AA00043FA10B14FF0FF3065E70320FAF796FD97
:105AB000154890F8220010B18020039001E00020EA
:105AC0000390114890F8230020B19DF80C0040F09D
:105AD000300003904FF48070012103AACDE900212A
:105AE000029009480068C27D074840680178012398
:105AF0000648FBF719FA10B14FF0FF303BE70248B8
:105B00008474002037E7000000000020A804002073
:105B10001FB50446284890F82400A04202D1002076
:105B200004B010BD5CB3244890F8250010B94FF0C4
:105B3000FF30F5E7002001F00BFB0020FFF714FF1A
:105B40001D49C88C00F016F9002003904FF48070B6
:105B5000012103AACDE9002102901748406801788D
:105B6000012323221548FBF7DFF90121124880F8B1
:105B70002410012001F0ECFAFFF776FD1AE0002076
:105B800001F0E6FA0C48007C03904FF4807001218C
:105B900003AACDE90021029007484068017801235B
:105BA00023220648FBF7C0F90021034880F824109F
:105BB000FFF75AFD0020B3E700000020A8040020F2
:105BC0001FB504462348807A18B94FF0FF3004B05F
:105BD00010BDFA2C09D0B4F5FA7F09D0B4F57A7F5C
:105BE00009D0B4F5FA6F0CD108E0002003900BE067
:105BF0000820039008E01020039005E0182003908F
:105C000002E04FF0FF30E2E700BF1248007A9DF853
:105C10000C10B0EBE10F01D10020D8E74FF48070F9
:105C2000012103AACDE9002102900A480068827987
:105C300008484068017801230748FBF775F910B15F
:105C40004FF0FF30C3E79DF80C00C0100149087207
:105C50000020BCE700000020A80400201FB5044677
:105C60001C4890F82300A04202D1002004B010BDCF
:105C700014B13020039001E0002003901548807C8F
:105C800020B19DF80C0040F002000390114890F8FC
:105C9000220020B19DF80C0040F0800003904FF4EA
:105CA0008070012103AACDE9002102900948006813
:105CB000C27D08484068017801230748FBF734F9A2
:105CC00010B14FF0FF30D1E7024880F823400020A8
:105CD000CCE7000000000020A80400201FB5044607
:105CE0002248807A18B94FF0FF3004B010BDBC2CA8
:105CF00002DB0120039015E0622C02DB02200390FE
:105D000010E02A2C02DB032003900BE0142C02DBB2
:105D10000420039006E00A2C02DB0520039001E03A
:105D2000062003901148C07A9DF80C10884201D1DA
:105D30000020DAE74FF48070012103AACDE90021A9
:105D400002900A4800688278084840680178012378
:105D50000748FBF7E9F810B14FF0FF30C5E79DF8B1
:105D60000C100248C1720020BFE7000000000020B4
:105D7000A80400201FB504462848807A18B94FF0BF
:105D8000FF3004B010BD254890F8240010B14FF04A
:105D9000FF30F6E72148007D50B134B1282C04DCF7
:105DA0002046FFF71BFB0020EBE70020FFF716FB68
:105DB000042C01DA042404E0B4F57A7F01DD4FF409
:105DC0007A744FF47A7090FBF4F0401EC0B20390E6
:105DD0004FF48070012103AACDE9002102900F4801
:105DE000006842780D484068017801230C48FBF7B1
:105DF0009BF810B14FF0FF30C3E79DF80C00401C3A
:105E00004FF47A7191FBF0F081B20448C1810146F0
:105E1000C9894810FFF762FF0020B2E700000020A8
:105E2000A80400201FB5044604F0700010B1012042
:105E3000039005E014B10020039001E0402003909E
:105E40004FF48070012103AACDE9002102902F4870
:105E50000068427D2D484068017801232C48FBF7FB
:105E600063F828B1002129488172481E04B010BD92
:105E70009DF80C0020F0400124480173002003909D
:105E800004F0400020B99DF80C0040F0040003909D
:105E900004F0200020B99DF80C0040F002000390AF
:105EA00004F0100020B99DF80C0040F001000390B0
:105EB00004F0080020B99DF80C0040F03800039071
:105EC0004FF48070012103AACDE9002102900F4810
:105ED0000068827D0D484068017801230C48FBF77B
:105EE00023F820B1002109488172481EBEE724B181
:105EF000082C02D00020FFF7B1FE04488472002174
:105F000001753220FAF76AFB0020AFE7000000209D
:105F1000A80400207FB504460D4616461EB94FF072
:105F2000FF3004B070BD2048807A10B94FF0FF30C8
:105F3000F7E720128DF80C00E0B28DF80D009DF807
:105F40000D002844184949684989884202DD4FF00C
:105F5000FF30E6E74FF48070022103AACDE900216B
:105F6000029011480068C27E0F4840680178012302
:105F70000E48FAF7D9FF10B14FF0FF30D1E74FF4D8
:105F80008070CDE90065029007480068027E0648EF
:105F90004068017801230548FAF7C6FF10B14FF0B9
:105FA000FF30BEE70020BCE700000020A80400206E
:105FB00070B50546FDF7D8FF10B16FF0050404E099
:105FC000002415B1284601F0C9FA204670BD000032
:105FD00010B5FDF7C9FF10B16FF0050409E00648E0
:105FE000006820B9012004490860002401E04FF056
:105FF000FF34204610BD00008C01002070B5FDF775
:10600000B3FF10B16FF005041FE0114800680128CC
:1060100019D100BF801F0021002804DB0A07130EDE
:106020000C4A135406E00A07150E0B4A00F00F0342
:106030001B1FD55400BF00BF02200549086001F0B6
:1060400009FB002401E04FF0FF34204670BD000042
:106050008C01002000E400E018ED00E02DE9F84399
:1060600007460D4691461C463E464FF00008FDF798
:106070007BFFE0B10EB105B114B16FF0030828E069
:10608000002000906A462946304601F015FF01289D
:1060900002D06FF002081CE00098D0B14FF08050A1
:1060A0000D490860BFF34F8FBFF36F8F11E006B14A
:1060B00015B96FF003080CE022462946304601F07E
:1060C00047FE012805D014B16FF0010801E06FF020
:1060D00002084046BDE8F88304ED00E02DE9F843EE
:1060E00005460E4614464FF00009FDF73DFF002817
:1060F0003ED1002D3CD0002E3AD0471EBCB1A06846
:1061000058B1E068502808D3206930B105FB06F08B
:106110006169814201D301270AE0A06840B9E068C3
:1061200030B9206920B9606910B9002700E0002764
:10613000012F09D10020009031462846A36822692A
:1061400001F0F7FB814606E02FB9002231462846D0
:1061500001F0C2FB8146B9F1000F09D014B1D4F8A7
:10616000008001E04FF000084146484601F0BAF9CE
:106170004846BDE8F88300002DE9F84307460D4680
:1061800091461C463E464FF00008FDF7EDFEE8B193
:106190000EB105B114B16FF003082AE000200090A1
:1061A00000236A462946304601F054FD012802D0FA
:1061B0006FF002081DE00098D8B14FF080500E49F2
:1061C0000860BFF34F8FBFF36F8F12E006B115B9B0
:1061D0006FF003080DE0002322462946304601F007
:1061E00065FC012805D014B16FF0010801E06FF0E3
:1061F00002084046BDE8F88304ED00E02DE9FF47C2
:1062000080468946144600200390FDF7ADFE002825
:106210004ED1B8F1000F4BD0802618258246471E7C
:1062200044B3206808B1D4F800A0A06900B1A56902
:106230002DB1382D03D8207900F0010018B10020CD
:1062400004B0BDE8F087606908B160698608A0689D
:1062500040B1E0685C2805D3206918B1606908B1D5
:10626000012708E0A06830B9E06820B9206910B9BA
:10627000002700E00027012F0CD12169A0684B46C0
:106280003246CDE9005102905146404601F0F2FEFF
:1062900003900DE067B903A8B2B24B465146CDE971
:1062A0000050404601F0B4FE012801D000200390C8
:1062B0000398C5E72DE9FE4F0646894692461C46DF
:1062C00000200290FDF750FE00284BD1002E49D04F
:1062D000082000F06FFE0546002D43D02E60C5F863
:1062E00004A0B9F1000F01D1002700E001274FF011
:1062F000FF384FF0000B94B1206808B1D4F800B01B
:10630000A06828B1E0682C2802D34FF0010808E00B
:10631000A06830B9E06820B94FF0000801E04FF004
:106320000008B8F1010F0BD11049A0682B463A467E
:10633000CDE900100121584602F0EDF802900BE083
:10634000B8F1000F08D109482B463A4601210090C8
:10635000584602F0C5F80290029818B915B12846BF
:1063600001F01EF80298BDE8FE8F0000EF3E000825
:106370002DE9F04105460E461648076816480068A4
:10638000001D00F063FF681C38B936B1124801687F
:10639000091D124800F0B0FF1AE07C190E48006891
:1063A0004460BC4207D20C480168091D0C480068D3
:1063B00000F088FF0CE008480168091D09480068E2
:1063C00000F080FF08480068844201D2064804605B
:1063D000BDE8F081500100203C010020C40A0020EB
:1063E00044010020400100206C01002010B504464B
:1063F00000F08EFF24480068401C234908602348B1
:10640000006840B9214804600846006801280DD1A1
:1064100000F02AFA0AE01E48006838B91B480068F4
:10642000C06AE16A884201D81848046019480068C7
:10643000401C184908600846006860641649E06A14
:106440000968884202D91449E06A0860E16A01EBF0
:106450008101124A02EB8100211D00F04DFF00F086
:1064600081FF0B48006868B108480068C06AE16AAB
:10647000884207D24FF0805009490860BFF34F8F20
:10648000BFF36F8F10BD00004C0100203C010020C5
:10649000580100206801002054010020140600204B
:1064A00004ED00E008B500F033FF12480068E8B9D9
:1064B000114800F0F7FE114800F0F4FE0E481049B4
:1064C00008600E480F49086000200F4B0F4A10214A
:1064D00000900A2001F02DFA06490860084600687D
:1064E00020B10BA10348006800F0FCFF00F03AFF68
:1064F00008BD000080010020D80A0020EC0A00201E
:10650000780100207C010020000B0020500B0020AF
:10651000546D72510000000010B516E000F0F8FE56
:106520000C48C068C468201D00F090FE0A4800684E
:10653000401E0949086009480068401E0749086074
:1065400000F010FF204600F05FF8044800680028C3
:10655000E4D110BDB00A00204C0100204801002009
:1065600070B504460D46206C70B1216CE0680144A2
:10657000E160D4E90210884201D32168E160284635
:10658000226CE168F9F7B8FE70BD2DE9F0410446D0
:106590000F4615464FF00008A66B206C48B92068DE
:1065A00000282CD1A06801F07BFE80460020A0606E
:1065B00025E07DB93946226C6068F9F79DFE216CB3
:1065C000606808446060D4E90101884217D32068FC
:1065D000606014E03946226CE068F9F78DFE216CAA
:1065E000E068411AE1602168E068884203D2216CCA
:1065F000A068411AE160022D01D106B1761E701C1F
:10660000A0634046BDE8F08110B5044694F85900F7
:1066100030B9206B00F0C4FE204600F0C1FE1AE045
:1066200094F85900012803D1204600F0B9FE12E089
:1066300094F85900022801D1012000E0002050B94F
:1066400000BF502080F31188BFF34F8FBFF36F8FCF
:1066500000BF00BFFEE710BD0146084A126812687D
:106660000AB9012200E000220A600A6822B9034A3E
:106670001268D268106800E000207047780100209E
:1066800030B54FF40053174800F007042CB1C01D7B
:1066900020F00700134C041B1B1B0246124C226007
:1066A0000024114D6C60D018083820F007000F4C02
:1066B000206000240D4D2D686C600C4D2D682C6001
:1066C0001146441A4C60094C24680C60084D4C6813
:1066D0002C60084D4C682C604FF00044064D2C6037
:1066E00030BD0000A8120020900100209801002079
:1066F000A00100209C010020AC01002000BFFFF79A
:106700000BFF064800680128F9D94FF08050044972
:106710000860BFF34F8FBFF36F8FF0E714060020C0
:1067200004ED00E02DE9F04106460D461746984677
:10673000069C0DB9246000E02760E6632564012112
:10674000204601F067F984F84C80BDE8F0812DE91E
:10675000F05F82460E4690469B460A9F0C9C4FEA8D
:106760008801A522206BF9F70CFEA8F10100216B2E
:1067700001EB800929F0070909F0070008B9012099
:1067800000E0002050B900BF502080F31188BFF313
:106790004F8FBFF36F8F00BF00BFFEE786B10025AC
:1067A00007E0715D04F134004155705D00B902E00D
:1067B0006D1C102DF5D300BF00214320015502E0D0
:1067C000002084F83400382F00D33727E762E764CD
:1067D00000202065201D00F072FD04F1180000F07B
:1067E0006EFD2461C7F13800A0616462002060651D
:1067F00084F858005A465146484600F097FC2060FD
:106800000B9808B10B980460BDE8F09F2DE9F047A4
:1068100006460D4617469846DDE908940DB101205D
:1068200000E0002050B900BF502080F31188BFF372
:106830004F8FBFF36F8F00BF00BFFEE78CB1FFF734
:1068400031FE2660A561C4F81C80C4F82090201D8C
:1068500000F035FD2FB194F8280040F0040084F8D2
:106860002800BDE8F087000010B5002407E004EB25
:1068700084010F4A02EB810000F014FD641C382CE7
:10688000F5D30C4800F00EFD0B4800F00BFD0B4853
:1068900000F008FD0A4800F005FD0A4800F002FD7E
:1068A00004480949086004480849086010BD000010
:1068B00014060020740A0020880A00209C0A002088
:1068C000B00A0020C40A002040010020440100203A
:1068D00010B50146164800E0006803688B42FBD300
:1068E0000246436813448B4204D143684C682344F6
:1068F000436001460A464B6813440468A34211D121
:106900000C4C03682468A34208D04B680468646890
:1069100023444B6003681B680B6005E0054B1B6854
:106920000B6001E003680B60884200D0016010BD7D
:1069300090010020980100202DE9F04104460D4609
:1069400016461F464FF0000865602461B5420CD81A
:10695000F01BA169884202D34FF0010811E0211D0C
:106960000948006800F0AEFC0BE0BE4204D2BD4214
:1069700002D34FF0010804E0211D0448006800F034
:10698000A1FC4046BDE8F0817C0100207801002098
:1069900070B5054600F0BCFCA86B08B9012400E006
:1069A000002400F0DFFC204670BD70B5054600F005
:1069B000AFFCA86BE96B884201D1012400E0002400
:1069C00000F0D0FC204670BDF8B505460F461A48C9
:1069D0000068C068C468201D00F038FC94F82800E6
:1069E00000F00400E8B1A06941192B463A46204660
:1069F000FFF7A2FFD8B1002003462A4601460090C7
:106A0000204601F0FDFD064656B900BF502080F338
:106A10001188BFF34F8FBFF36F8F00BF00BFFEE73A
:106A200005E094F8280020F0010084F828002046B2
:106A3000216A8847F8BD000078010020F0B587B0D2
:106A4000A0E00398002811DA04AE56B900BF502028
:106A500080F31188BFF34F8FBFF36F8F00BF00BF6C
:106A6000FEE7D6E90020B168904700BF03980028F0
:106A7000E6DB059C606908B9012000E0002010B940
:106A8000201D00F0E3FB02A800F0DEF805460398A5
:106A90000A2875D2DFE800F00905073941630608C6
:106AA0003A4200BF00BF00BF00BF94F8280040F08A
:106AB000010084F828000498A269811803462A4638
:106AC0002046FFF739FFF8B12046216A884794F83D
:106AD000280000F00400B8B1002000900498A169DB
:106AE000421800231946204601F08AFD074657B98F
:106AF00000BF502080F31188BFF34F8FBFF36F8F1B
:106B000000BF00BFFEE700BF3BE000BF94F82800D5
:106B100020F0010084F8280033E000BF94F828003A
:106B200040F0010084F828000498A061A06908B131
:106B3000012000E0002050B900BF502080F31188F0
:106B4000BFF34F8FBFF36F8F00BF00BFFEE7A06999
:106B500041192B462A462046FFF7EEFE11E094F835
:106B6000280000F0020018B9204600F019FC05E0EA
:106B700094F8280020F0010084F8280001E0FFE7E5
:106B800000BF00BF002203A90448006801F0E0F83C
:106B900000287FF456AF07B0F0BD00008001002050
:106BA000F8B505460C4600F0B1FD684600F04CF81B
:106BB0000646009820BB44B9B54206D801F00EFC49
:106BC00031462846FFF700FF1CE03CB10E48006844
:106BD000006808B9012000E000200446A91B2246F5
:106BE0000A48006800F094FC01F0F8FB50B94FF03F
:106BF000805007490860BFF34F8FBFF36F8F01E0EC
:106C000001F0ECFBF8BD00007C01002080010020B9
:106C100004ED00E00A490968096809B9012100E0AA
:106C2000002121B14FF0FF31064A116006E004490E
:106C30000968C968C868034A416811607047000064
:106C4000400100206C01002070B5044601F080FA7C
:106C5000054607480068854204D200F00BF8012081
:106C6000206001E00020206001480560284670BDDA
:106C7000880100202DE9F84334E025480068C06809
:106C8000056823480068C068C468201D00F0DEFA6B
:106C90002046216A884794F8280000F0040008B3D1
:106CA000A0694619AE4207D966602461211D1848C3
:106CB000006800F007FB15E0002003462A46014665
:106CC0000090204601F09CFC074657B900BF5020B9
:106CD00080F31188BFF34F8FBFF36F8F00BF00BFEA
:106CE000FEE700BF0A480068006808B9012000E01C
:106CF00000200028C1D00648D0F800800548006870
:106D0000034908600348C0F80080BDE8F88300002C
:106D1000780100207C0100200E480068401C08B962
:106D2000012000E0002050B900BF502080F31188FE
:106D3000BFF34F8FBFF36F8F00BF00BFFEE700BFF1
:106D4000502080F31188BFF34F8FBFF36F8F00BFC8
:106D500000BFFEE7B001002008B500BF6846FFF79E
:106D60007BFC044620460099FFF71AFFFFF766FEFA
:106D7000F4E770B5044600F0CBFA94F9455010E002
:106D8000606A08B9012000E0002038B904F124004D
:106D900001F0D8FA18B100F01BFC00E003E0681E17
:106DA00045B2002DECDC00BFFF2084F8450000F068
:106DB000D9FA00F0ADFA94F9445010E0206908B90E
:106DC000012000E0002048B904F1100001F0BAFAF7
:106DD00008B100F0FDFB681E45B200E001E0002DA7
:106DE000ECDC00BFFF2084F8440000F0BBFA70BD6B
:106DF00000240025002600BFFCF7E4FC0546012D19
:106E000003D104B900E00020044684BB082D14D04F
:106E100006DC052D09D0062D13D0072D28D108E05A
:106E20000E2D12D0102D23D118E057485749086075
:106E300024E057485549086020E055485549086006
:106E40001CE051485349086018E04FF07E51524809
:106E5000006802F003FA504908600FE04FF07E51DD
:106E60004D48006802F002FD4B49086006E006E06C
:106E70000020464908604749086000BF80E00720BD
:106E8000FCF740FC454908700820FCF73BFC4449EE
:106E900008700520FCF736FC424908703F4800782E
:106EA00002F094FB07464FF0864102F0DFFC3749C1
:106EB00008603B48007802F089FB07464FF08641A6
:106EC00002F0D4FC334908603648007802F07EFBBB
:106ED00007464FF0864102F0C9FC06462B48006881
:106EE00002F090F921F00041074600222E4B01F0FC
:106EF0003DFE02D20020254908602648006802F0C5
:106F000081F921F0004107460022274B01F02EFEB7
:106F100002D200201F490860304602F073F921F0C8
:106F2000004107460022204B01F020FE00D200263F
:106F300015491648006802F091FB07464FF086415C
:106F400002F0FAF9114908600F491248006802F08E
:106F500085FB07464FF0864102F0EEF90D490860C7
:106F60001249304602F07AFB0746114902F0E4F973
:106F7000064631460848006802F070F90649086084
:106F8000142000F0EBFA37E70000C842C8000020E8
:106F90000000C8C2CC000020C0000020D5000020A6
:106FA000D6000020D700002000002440000020412F
:106FB000000048462DE9F04104464FF0000800F07B
:106FC000A5FB4948006808B9FFF75AFB4748006825
:106FD0002040002870D1D4B1083404F00700B0B1CB
:106FE00004F00700C0F10800044404F0070008B9E9
:106FF000012000E0002050B900BF502080F311882C
:10700000BFF34F8FBFF36F8F00BF00BFFEE7002CB1
:1070100052D03748006884424ED8364E3046056814
:1070200001E02E462D686868A04202D22868002838
:10703000F7D12D48006885423ED0306800F108083D
:10704000286830606868001B102819D92F1907F0CC
:10705000070008B9012000E0002050B900BF50200F
:1070600080F31188BFF34F8FBFF36F8F00BF00BF56
:10707000FEE76868001B78606C603846FFF728FC04
:107080001B4968680968081A1949086008460068B9
:1070900019490968884203D21548006816490860F2
:1070A000124968680968084368600020286013482E
:1070B0000068401C1149086001F090F908F00700D1
:1070C00008B9012000E0002050B900BF502080F333
:1070D0001188BFF34F8FBFF36F8F00BF00BFFEE774
:1070E0004046BDE8F081000098010020AC0100207E
:1070F0009C01002090010020A0010020A40100209C
:1071000070B50446254654B900BF502080F311885D
:10711000BFF34F8FBFF36F8F00BF00BFFEE700F0DC
:10712000F7F8EE6900F01EF9304670BD001F4FF011
:1071300080730360001F21F001030360001F034BF5
:10714000036014380260203870470000196D000891
:107150001FB50446284890F8240000B314B102205B
:10716000039001E0002003904FF48070012103AAF6
:10717000CDE90021029020480068427C1E4840680A
:10718000017801231D48F9F7CFFE18B14FF0FF3009
:1071900004B010BD9DF80C10174841742AE0164841
:1071A000807A10B94FF0FF30F2E724B11248407CEA
:1071B00008B10020ECE714B10120039001E00020A9
:1071C00003904FF48070012103AACDE900210290C1
:1071D00009480068427C0848406801780123074854
:1071E000F9F7A2FE10B14FF0FF30D1E79DF80C1077
:1071F000014841740020CBE700000020A8040020D3
:107200002DE9F04106460F4601F02CFE041E0D4606
:1072100018BF0120284320F00040C0F17F6000F13A
:10722000E040C00F0ED0301C18BF0120384320F0C2
:107230000040C0F17F6000F1E040C00F04BF0120BA
:10724000F9F7D6F820462946BDE8F08101460A69DB
:10725000D1E901309860D1E9010358605068884253
:1072600001D188685060002008611068401E1060DD
:1072700010687047034B0360034B0B60802313605F
:1072800070470000F00B00204C0C0020034B036003
:10729000034B0B604FF48073136070474C0E00205B
:1072A000A80E002000F1080141604FF0FF3181601D
:1072B00000F10801C16001610021016070470021F7
:1072C0000161704710B502460B685C1C0CB910696F
:1072D00007E002F1080000E04068446824689C422E
:1072E000FAD944684C604C68A160886041600A61CA
:1072F0001468641C146010BD42684A6093688B6017
:10730000936859609160086103685B1C0360704773
:1073100000BF502080F31188BFF34F8FBFF36F8FF2
:1073200000BF0E480068401C0C4908600846006811
:10733000012812D10A480068C0B208B9012000E053
:10734000002050B900BF502080F31188BFF34F8F49
:10735000BFF36F8F00BF00BFFEE77047B001002092
:1073600004ED00E00D48006850B900BF502080F3E4
:107370001188BFF34F8FBFF36F8F00BF00BFFEE7D1
:1073800006480068401E054908600846006820B9A4
:10739000002080F3118800BF00BF7047B0010020BB
:1073A00070B506463546002E44D0083D2C4622498D
:1073B00060680968084008B1012000E0002050B969
:1073C00000BF502080F31188BFF34F8FBFF36F8F42
:1073D00000BF00BFFEE7206808B9012000E00020E0
:1073E00050B900BF502080F31188BFF34F8FBFF317
:1073F0006F8F00BF00BFFEE70F4960680968084053
:10740000C0B12068B0B90C49606809688843606001
:1074100000F07CF909496068096808440749086078
:107420002046FFF755FA06480068401C04490860EA
:1074300000F0D4FF70BD0000AC0100209C010020D2
:10744000A801002000204FF0E02108618861064873
:1074500000684FF47A71B0FBF1F0401E4FF0E0216C
:1074600048610720086170473801002070B5F8F7BF
:10747000F3FE0446102C16D304F1E02090F8F053EC
:1074800015480078854201DB012000E0002050B95A
:1074900000BF502080F31188BFF34F8FBFF36F8F71
:1074A00000BF00BFFEE70D48006800F4E0600C4933
:1074B0000968884201D8012000E0002050B900BFCF
:1074C000502080F31188BFF34F8FBFF36F8F00BF41
:1074D00000BFFEE770BD0000B40100200CED00E02D
:1074E000B8010020024600200BE0084B53F8303072
:1074F00033B9064B43F8301003EBC0035A6002E087
:10750000401C0828F1D300BF70470000D4050020BC
:107510002DE9F04105460E4617462C46FFF7F8FECA
:1075200094F94400401C10B9002084F8440094F9F8
:107530004500401C10B9002084F84500FFF712FFF9
:10754000A06B28B93A46314604F1240000F062F8F5
:107550002046FFF70EFCBDE8F081000070B5044640
:107560000025D4B11248006808B9012000E00020CD
:1075700050B900BF502080F31188BFF34F8FBFF385
:107580006F8F00BF00BFFEE700F0C0F8002120466B
:10759000FEF7EEFE00F022FF05463DB94FF08050A9
:1075A00004490860BFF34F8FBFF36F8F70BD0000B9
:1075B0007401002004ED00E00349096801600349FB
:1075C00009684160704700006401002050010020FC
:1075D00001200149086070476001002070B5044631
:1075E0000D4654B900BF502080F31188BFF34F8F70
:1075F000BFF36F8F00BF00BFFEE705480168183179
:107600002046FFF75FFE01212846FEF7B1FE70BD60
:107610003C01002070B505460E46144655B900BF22
:10762000502080F31188BFF34F8FBFF36F8F00BFDF
:1076300000BFFEE70648016818312846FFF75CFEE8
:107640000CB14FF0FF3621463046FEF791FE70BD7B
:107650003C01002010B586B000200590049003AADC
:1076600004A905A8FFF706FE0022DDE90410134671
:10767000CDE9002102901EA11F48039A00F0FAFCF8
:107680001E4908600846006808B1012400E0002493
:10769000012C02D100F078FF0446012C15D100BF67
:1076A000502080F31188BFF34F8FBFF36F8F00BF5F
:1076B0004FF0FF3012490860012012490860002095
:1076C0001149086000F072F810E0601C08B1012058
:1076D00000E0002050B900BF502080F31188BFF3B4
:1076E0004F8FBFF36F8F00BF00BFFEE706B010BD26
:1076F00049444C4500000000FD6600087001002070
:107700006C01002058010020500100200248006850
:10771000401C014908607047740100201E48006841
:1077200018B101201D49086034E000201B490860A1
:107730001B4801680CE051B900BF502080F311884C
:10774000BFF34F8FBFF36F8F00BF00BFFEE7491E2F
:1077500001EB8100134A52F8200008B9012000E033
:1077600000200028E7D101EB81020E4B03EB8200E1
:1077700042685268426000F108024368934202D1B5
:107780004268526842604268D268074B1A600448F7
:10779000016000BF704700007401002060010020FC
:1077A00054010020140600203C0100201CB538497B
:1077B000084600780190FF200A46107008460078BD
:1077C00000909DF8000000F0F0009DF8002090422D
:1077D00001D1012000E0002050B900BF502080F30B
:1077E0001188BFF34F8FBFF36F8F00BF00BFFEE75D
:1077F0009DF8000000F05000264A10700720264A2D
:10780000106009E024480068401E234A10609DF87B
:1078100000004006000E00909DF8000000F080007F
:107820008028EFD01C480068C0F10700042801D16F
:10783000012000E0002050B900BF502080F31188E3
:10784000BFF34F8FBFF36F8F00BF00BFFEE712483B
:1078500000680002104A10601046008800F4E060E2
:1078600010600B4A019810700C48006840F47000DA
:107870000A4908600846006840F070400860FFF759
:10788000E1FD002006490860F8F7B0FC00201CBDAF
:1078900000E400E0B4010020B801002020ED00E089
:1078A000B001002010B500BF502080F31188BFF355
:1078B0004F8FBFF36F8F00BF00F050FC18B14FF037
:1078C00080500449086000BF002080F3118800BF89
:1078D00010BD000004ED00E02DE9F84305460E461A
:1078E00017460DB1012000E0002050B900BF502024
:1078F00080F31188BFF34F8FBFF36F8F00BF00BFBE
:10790000FEE705FB06F808F15000FFF753FB0446BD
:1079100064B1A14609F15009002084F846003B46B5
:107920004A46314628460094FEF7FCFE2046BDE854
:10793000F8832DE9F84380460E4617461D46DDF8CC
:107940002090B8F1000F01D0012000E0002050B9D4
:1079500000BF502080F31188BFF34F8FBFF36F8FAC
:1079600000BF00BFFEE70DB1012000E0002050B9CC
:1079700000BF502080F31188BFF34F8FBFF36F8F8C
:1079800000BF00BFFEE707B10EB1012000E00020FC
:1079900050B900BF502080F31188BFF34F8FBFF361
:1079A0006F8F00BF00BFFEE707B90EB9012000E0EE
:1079B000002050B900BF502080F31188BFF34F8FD3
:1079C000BFF36F8F00BF00BFFEE75020009000980C
:1079D000502801D1012000E0002050B900BF502004
:1079E00080F31188BFF34F8FBFF36F8F00BF00BFCD
:1079F000FEE700BF2C464CB1012084F846004B4600
:107A00003A46314640460094FEF78CFE2046BDE8DB
:107A1000F883000070B505460E462C4654B900BFE9
:107A2000502080F31188BFF34F8FBFF36F8F00BFDB
:107A300000BFFEE7FFF76CFCD4E90F12206801FBE2
:107A40000200A0600020A06320686060E06B401E20
:107A5000226C216800FB0211E160FF2084F84400E1
:107A600084F845009EB9206908B9012000E0002093
:107A7000A8B904F1100000F065FC80B14FF080500F
:107A800009490860BFF34F8FBFF36F8F07E004F120
:107A90001000FFF707FC04F12400FFF703FCFFF7D9
:107AA00061FC012070BD000004ED00E02DE9FF4302
:107AB00083B0064688461D464FF00009344654B947
:107AC00000BF502080F31188BFF34F8FBFF36F8F3B
:107AD00000BF00BFFEE7B8F1000F01D1206C08B96C
:107AE000012000E0002050B900BF502080F3118831
:107AF000BFF34F8FBFF36F8F00BF00BFFEE7022DB4
:107B000002D1E06B012801D1012000E0002050B932
:107B100000BF502080F31188BFF34F8FBFF36F8FEA
:107B200000BF00BFFEE700F003FB08B9059808B9E5
:107B3000012000E0002050B900BF502080F31188E0
:107B4000BFF34F8FBFF36F8F00BF00BFFEE700BFD3
:107B5000FFF7DEFBA06BE16B884201D3022D28D139
:107B60002A4641462046FEF710FD0746606A08B9DE
:107B7000012000E0002068B904F1240000F0E2FBDD
:107B800088B14FF0805032490860BFF34F8FBFF388
:107B90006F8F08E03FB14FF080502D490860BFF370
:107BA0004F8FBFF36F8FFFF7DDFB012007B0BDE8FC
:107BB000F083059818B9FFF7D5FB0020F6E7B9F177
:107BC000000F04D101A8FFF7F7FC4FF00109FFF700
:107BD000C9FBFFF79BFDFFF79BFB94F94400401C9A
:107BE00010B9002084F8440094F94500401C10B9F5
:107BF000002084F84500FFF7B5FB05A901A800F0B7
:107C0000C1F9F0B92046FEF7D0FEA0B104F1100092
:107C10000599FFF7E3FC2046FFF7ABF800F0DEFB29
:107C2000002895D14FF0805009490860BFF34F8F6D
:107C3000BFF36F8F8CE72046FFF79BF800F0CEFB79
:107C400086E72046FFF795F800F0C8FB0020ADE777
:107C500004ED00E02DE9F84F07468A4690461E469F
:107C60003C4654B900BF502080F31188BFF34F8FBA
:107C7000BFF36F8F00BF00BFFEE7BAF1000F01D165
:107C8000206C08B9012000E0002050B900BF50204E
:107C900080F31188BFF34F8FBFF36F8F00BF00BF1A
:107CA000FEE7022E02D1E06B012801D1012000E0A5
:107CB000002050B900BF502080F31188BFF34F8FD0
:107CC000BFF36F8F00BF00BFFEE7FFF7CFFB00BF22
:107CD0005021EFF3118081F31188BFF34F8FBFF371
:107CE0006F8F00BF0546A06BE16B884201D3022E67
:107CF00025D194F945B0A06B0090324651462046FC
:107D0000FEF743FC0BF1010088B9606A08B9012055
:107D100000E0002050B904F1240000F013FB28B16A
:107D2000B8F1000F02D00120C8F8000004E00BF108
:107D3000010040B284F845004FF0010901E04FF026
:107D4000000900BF85F3118800BF4846BDE8F88FE1
:107D50002DE9F74183B005460E464FF000082C464A
:107D600054B900BF502080F31188BFF34F8FBFF389
:107D70006F8F00BF00BFFEE70EB9206C08B901206D
:107D800000E0002050B900BF502080F31188BFF3FD
:107D90004F8FBFF36F8F00BF00BFFEE700F0C8F941
:107DA00008B9059808B9012000E0002050B900BFCB
:107DB000502080F31188BFF34F8FBFF36F8F00BF48
:107DC00000BFFEE700BFFFF7A3FAA76BF7B131468C
:107DD0002046FEF7C5FB781EA063206908B9012084
:107DE00000E0002060B904F1100000F0ABFA38B1F7
:107DF0004FF080502F490860BFF34F8FBFF36F8F54
:107E0000FFF7B0FA012006B0BDE8F081059818B977
:107E1000FFF7A8FA0020F6E7B8F1000F04D101A897
:107E2000FFF7CAFB4FF00108FFF79CFAFFF76EFC63
:107E3000FFF76EFA94F94400401C10B9002084F852
:107E4000440094F94500401C10B9002084F8450016
:107E5000FFF788FA05A901A800F094F8F0B92046C8
:107E6000FEF796FDA0B104F124000599FFF7B6FBDB
:107E70002046FEF77EFF00F0B1FA0028A3D14FF0B4
:107E800080500C490860BFF34F8FBFF36F8F9AE7A4
:107E90002046FEF76EFF00F0A1FA94E72046FEF7B9
:107EA00068FF00F09BFA2046FEF772FD00288AD09A
:107EB0000020A8E704ED00E02DE9F05F06468946C2
:107EC0001746344654B900BF502080F31188BFF3E1
:107ED0004F8FBFF36F8F00BF00BFFEE7B9F1000FF8
:107EE00001D1206C08B9012000E0002050B900BF8A
:107EF000502080F31188BFF34F8FBFF36F8F00BF07
:107F000000BFFEE7FFF7B2FA00BF5021EFF3118088
:107F100081F31188BFF34F8FBFF36F8F00BF05460A
:107F2000D4F838A0BAF1000F22D094F944B04946F1
:107F30002046FEF715FBAAF10100A0630BF101003A
:107F400070B9206908B9012000E0002068B904F187
:107F5000100000F0F7F940B13FB10120386004E0B3
:107F60000BF1010040B284F844004FF0010801E039
:107F70004FF0000800BF85F3118800BF4046BDE800
:107F8000F09F000070B505460C4655B900BF502063
:107F900080F31188BFF34F8FBFF36F8F00BF00BF17
:107FA000FEE754B900BF502080F31188BFF34F8F14
:107FB000BFF36F8F00BF00BFFEE7FFF7A9F91248BC
:107FC00002686868131A2068401C08B9002617E088
:107FD0000E4928680968884204D06868904201D830
:107FE00001260DE02068984207D92068C01A206059
:107FF0002846FFF7E1FA002602E000202060012673
:10800000FFF7B0F9304670BD500100206401002038
:108010002DE9FF4F85B0804689461746DDE912AB52
:10802000B800FEF7C7FF064656B15C20FEF7C2FF58
:1080300004460CB1266304E03046FFF7B1F900E0D6
:1080400000248CB1002084F85900CDE900ABCDE9C3
:1080500002403A4649464046089BFEF778FB2046D8
:10806000FEF7C4F9012501E04FF0FF35284609B0BD
:10807000BDE8F08F2DE9F04F85B007468846914660
:108080009A46DDE90EB6109C0EB1012000E00020FA
:1080900050B900BF502080F31188BFF34F8FBFF35A
:1080A0006F8F00BF00BFFEE70CB1012000E0002091
:1080B00050B900BF502080F31188BFF34F8FBFF33A
:1080C0006F8F00BF00BFFEE75C20039003985C2821
:1080D00001D1012000E0002050B900BF502080F302
:1080E0001188BFF34F8FBFF36F8F00BF00BFFEE754
:1080F00000BFB4B1AEB125462C462E63022085F8F0
:108100005900002004A953464A46CDE900B1CDE903
:10811000025041463846FEF71AFB2846FEF766F93C
:1081200001E000200490049805B0BDE8F08F000045
:108130000549096809B9012005E00449096809B938
:10814000022000E000207047580100207401002048
:108150000149086870470000500100202DE9F041F6
:108160004FF000084348006800287BD1424800686F
:10817000451C4148056015BB40480068006808B9C7
:10818000012000E0002050B900BF502080F311888A
:10819000BFF34F8FBFF36F8F00BF00BFFEE73748BD
:1081A0000768374800683549086035480760354832
:1081B0000068401C33490860FEF72CFD00BF3248C0
:1081C000006885423BD300BF2C480068006808B9AE
:1081D000012000E0002020B14FF0FF302A49086064
:1081E0002CE026480068C068C4686668B54202D2C0
:1081F0002548066022E0201DFFF728F8A06A18B184
:1082000004F11800FFF722F82049E06A0968884263
:1082100002D91E49E06A0860E16A01EB81011C4A4B
:1082200002EB8100211DFFF767F81A49E06A09682F
:10823000C96A8842C8D34FF00108C5E700BF154896
:108240000068C06A00EB8000114951F82000012845
:1082500001D94FF001081048006808B14FF001083B
:1082600005E0FFE70D480068401C0C4908604046E7
:10827000BDE8F08174010020500100204001002081
:1082800044010020640100206C0100205401002002
:10829000140600203C010020600100205C01002049
:1082A00070B505462C460026002D43D022480068B4
:1082B000844201D1012000E0002050B900BF5020CD
:1082C00080F31188BFF34F8FBFF36F8F00BF00BFE4
:1082D000FEE7206D50B900BF502080F31188BFF336
:1082E0004F8FBFF36F8F00BF00BFFEE7206D401EB2
:1082F0002065E16CE06A88421CD0206DD0B9201D59
:10830000FEF7A4FFE06CE062E06AC0F13800A06113
:108310000A49E06A0968884202D90849E06A0860A7
:10832000E16A01EB8101064A02EB8100211DFEF7A3
:10833000E3FF0126304670BD3C01002054010020BF
:108340001406002070B50646F068C46854B900BF32
:10835000502080F31188BFF34F8FBFF36F8F00BFA2
:1083600000BFFEE704F11800FEF770FF1548006833
:10837000A0B9201DFEF76AFF1349E06A0968884228
:1083800002D91149E06A0860E16A01EB81010F4AF4
:1083900002EB8100211DFEF7AFFF04E004F118019C
:1083A0000B48FEF7A9FF0B49E06A0968C96A8842D1
:1083B00004D9012501200849086000E0002528466D
:1083C00070BD00007401002054010020140600203C
:1083D0009C0A00203C0100206001002070B50024B0
:1083E00000263648006850B900BF502080F311883D
:1083F000BFF34F8FBFF36F8F00BF00BFFEE7FEF7E5
:1084000087FF2E480068401E2C4908600846006817
:1084100000284ED12A48006800284AD023E0294885
:10842000C068C46804F11800FEF710FF201DFEF7B5
:108430000DFF2549E06A0968884202D92249E06AAD
:108440000860E16A01EB8101204A02EB8100211DF5
:10845000FEF752FF1E49E06A0968C96A884202D3E2
:1084600001201C4908601748006808B9012000E095
:1084700000200028D3D00CB1FEF7CCFB16480568CD
:1084800065B100BFFFF76AFE10B101201149086015
:108490006D1E002DF6D100200F4908600D480068C0
:1084A00038B1012630070D490860BFF34F8FBFF385
:1084B0006F8FFEF757FF304670BD0000740100203B
:1084C0004C0100209C0A00205401002014060020CA
:1084D0003C010020600100205C01002004ED00E070
:1084E0002DE9FC4705460E4617469846DDF82890CC
:1084F0002C20FEF75FFD044654B1002084F82800CC
:1085000043463A4631462846CDE90094FEF77EF9C7
:108510002046BDE8FC872DE9FC4706460F469046FD
:108520009946DDE90AA52C20019001982C2801D15B
:10853000012000E0002050B900BF502080F31188D6
:10854000BFF34F8FBFF36F8F00BF00BFFEE700BFC9
:1085500055B900BF502080F31188BFF34F8FBFF390
:108560006F8F00BF00BFFEE72C4654B1022084F895
:1085700028004B46424639463046CDE900A4FEF776
:1085800045F92046BDE8FC8710B586B00024FDF70C
:1085900089FF16480068D0B100200590049003AA16
:1085A00004A905A8FEF772FE0222DDE904100023EB
:1085B000CDE9002102900EA10F48039AFFF75AFD62
:1085C0000E4908600846006800B1012400BF54B994
:1085D00000BF502080F31188BFF34F8FBFF36F8F20
:1085E00000BF00BFFEE7204606B010BD800100209E
:1085F000546D722053766300596D00088401002089
:108600002DE9FF4704460D4616461F46DDF830802B
:108610004FF0000954B900BF502080F31188BFF318
:108620004F8FBFF36F8F00BF00BFFEE71448006895
:1086300010B3009501960294062D15DAFFF778FD28
:10864000022808D10023424669460D480068FFF71A
:108650002DFA814610E000231A4669460848006852
:10866000FFF724FA814607E000233A4669460448AA
:108670000068FFF7EFFA8146484604B0BDE8F0878E
:108680008001002021F00042A2F16052B2F5801F6B
:1086900001F0004328BFD2F17F6C0BD95FEA001CC8
:1086A00043EAC20242EB507018BF704728BF20F067
:1086B00001007047B2F5801FBCBF184670474FEAF3
:1086C000410C1CF5001F02D2084601F08EB870B5AF
:1086D00000F032FB00000089FFF7F6BF4FF00040CA
:1086E000A0F580007047000010B591EA030F48BF65
:1086F00083F0004300F1A484841A71EB030C05D2CB
:10870000121943EB0C03001B61EB0C01DFF824E1B1
:108710004FEA1154A4EB135C1EEA430F18BF9EEA04
:10872000445F73D023EA0E03DCF1200E21EA0451EA
:1087300043F4801332D322FA0CFE10EB0E0023FA1E
:108740000CFE41EB0E01CCF1200E03FA0EFE10EBF5
:108750000E0051F10001B1F5801FCCF1200E32D294
:1087600001EB045112FA0EF2BDE8104058BF7047F9
:10877000401C38BF5FEA420218BF7047002814BF90
:1087800020F0010041F100014FEA410313F5001F01
:1087900038BF7047A1F1C04100F01CBB012A43EB78
:1087A0000302ACF1200CDCF11F0E32BF4FF0000EC3
:1087B00023FA0CF310EB030041EB0451B4EB115F0F
:1087C000D0D0A1EB045101F5801149085FEA3000D7
:1087D00001EB04510ED350F1000038BF12FA0EFE27
:1087E00008D1BDE81040C9E7401C38BF5FEA42022B
:1087F000CAD1C3E7BDE810404FEA410313F5001F9B
:1088000038BF7047A1F1C04100F0E4BA9EEA445F6E
:1088100008D011EA5E0FBDE8104004BF01F000412E
:1088200000207047BDE8104070B500F085FA00BF29
:1088300064FBBE3E0000E0FF02494FF0000001F083
:108840008AB800BF0000F87F491058BFC1F140410D
:108850005B1058BFC3F140438B42EFF30080704779
:108860002DE9C04130B4DFF8A0C23CEA111418BFB2
:108870003CEA131400F0EC8081EA03051CEA1114B1
:1088800044EAD57418BF1CEA131500F0C780A4EBA6
:1088900005044FF0004545EAC12145EAC32341EAFA
:1088A000505143EA525304F17F74994204F5003465
:1088B0004FEAC0204FEAC22208BF904200F09C80DD
:1088C0004FEA13650FF24016765D4FEA134506FB3B
:1088D00005F7C7F1807706FB07F74FEAD737A7FB05
:1088E00003687642C8F58038A7FB06CE38BFA8F1EA
:1088F000010807FB08E64FF0000EA6FB028CE6FB22
:1089000003CEDCF1000CCEF1004E38BFAEF1010E0B
:10891000A6FB0C584FF000074FF00005E6FB0E8752
:10892000A1FB08C6A0FB07CE16EB0E0645F100051D
:10893000E1FB076515F1E04E7EBFA4F580345FEAE8
:1089400046066D4116F1800745F100054FEA1727ED
:108950004FEA066647EA0567A6F1DE46B6F1805F94
:108960004FEA15251FD9384624F0010C05EBC471D8
:10897000BCF1FE6F01EB0C1102D8F0BCBDE8008128
:1089800024425CBF01F5801E9EEAC47F02D4F0BC85
:10899000BDE80081244238D4F0BCA1F1C041BDE85B
:1089A000004100F017BA4FEAD22242EA43524FEA9E
:1089B000D323A7FB02864FEAD02040EA415007FBB1
:1089C00003661EEA0E0F4FEAD12105FB026658BF6F
:1089D000A6EB0056B6EB00564FEA520E4EEAC37EA7
:1089E00018EB0E0E56EB530EBDD518EB02085E4188
:1089F0007F1C55F10005B6E74FF480154FF00007D6
:108A00004FF000064FF00008ADE7F0BC4FF000005B
:108A100001F1C04101F00041BDE8008111EA0C1FE5
:108A20000CEA131500D00CE013EA0C1F00F02580AF
:108A30004FF00000F0BC81EA030101F00041BDE805
:108A40000081F0BCBDE8004181EA030100F0C2B939
:108A5000F0BCBDE8004170B500F06EF9097EFC3E47
:108A600000F007B881EA03014FF0000001F0004177
:108A7000704781EA030100F0ADB9F0BCBDE80041E8
:108A80004FF0000021497047FFFDFBF9F7F5F4F2C4
:108A9000F0EEEDEBE9E8E6E4E3E1E0DEDDDBDAD899
:108AA000D7D5D4D3D1D0CFCDCCCBCAC8C7C6C5C4F7
:108AB000C2C1C0BFBEBDBCBBBAB9B8B7B6B5B4B30E
:108AC000B2B1B0AFAEADACABAAA9A8A8A7A6A5A4F9
:108AD000A3A3A2A1A09F9F9E9D9C9C9B9A999998BD
:108AE0009797969595949393929191908F8F8E8E60
:108AF0008D8C8C8B8B8A89898888878786858584ED
:108B000084838382828181800000FF070000F87FD8
:108B10004FEA1153A3F58063D3F11E03A8BFD3F12D
:108B2000200C08DB4FF0004242EAC12252EA5052C8
:108B300032FA03F0704709420BD4102BC4BF002057
:108B4000704703F5787CBCF1FF3F05D04FF0FF3054
:108B500070474FF00000704770B500F0EDF800BFAF
:108B60004992248000207047F0E7000051EA030C8E
:108B700017D41CF5801F58BFBCF5801F00F106807C
:108B8000994218BF704708BF9042704707D711F548
:108B9000801F58BF13F5801F19D49942704789422E
:108BA00070471CF5801F08D5BCF5801FF7D58B4298
:108BB00018BF704708BF824270474FF4001C1CEB7F
:108BC000410F38BF1CEB430F01D28B42704770B589
:108BD00000F0B2F8922449004FF000514FF080535A
:108BE000FFF732BEDFF848C170B51CEA111E1EBF88
:108BF0001CEA13159EEA0C0F95EA0C0F00F06F802B
:108C000081EA030423EA4C134EEAD47E21EA4C1194
:108C100041F4801143F48013AE44A1FB024CA0FB4D
:108C20000365AEF17F7E361955EB0C05A1FB034CB5
:108C30004CF10003A0FB021C16EB0C06654153F13E
:108C40000003094218BF46F0010613F4007F0BD160
:108C50004FEA03314FEA0530340341EA155140EA47
:108C600016506FF003020AE04FEAC3214FEAC52015
:108C7000F40241EA555140EA56506FF0020202EB0D
:108C80002E4201EB025585EACE710AD05FEA440C10
:108C900018BF24F0004450F1000041F1000120EA27
:108CA000D47040F2FE7C624500D270BDA84214BF71
:108CB0004FF080444FF04044002E08BF0024BEF126
:108CC000806FA8BFA1F1C041BDE8704080F28280F2
:108CD0004FF0000001F1C04101F0004170479EEAF1
:108CE0000C0F0CEA131518BF95EA0C0F06D04FF0C5
:108CF000000081EA030E0EF0004170BD00F01CF888
:108D00008900013E00F007B800F009B84FEA430CB3
:108D10005FEA5C5C08D081EA030100F05BB84FEACF
:108D2000410C5FEA5C5CF6D14FF0000001497047EE
:108D30000000FF070000F87F0EF1020E2EF0030E78
:108D40005EF8046B364205D4012A43EB030515F5A2
:108D5000001F12D8012841EB010C1CF5001F0CD894
:108D60000ED14FEAD17C15F5001F0CEB4C0C0CF129
:108D7000020C08BF4CEBD37C04E04FF0080C01E080
:108D80004FEAD37C0CEB4C0526FA05F606F00706F5
:108D9000B6F1040C06D20EEB860CBDE870404CF028
:108DA000010C6047DFE80CF0090B02024FF00041B4
:108DB0004FF00000A1F5002170BD194610460128B2
:108DC00051EB010418BFD4F5001484BF002001F05A
:108DD000004170BD0808A0F500114FEA310170474D
:108DE00053EA010C17D41CF5801F58BFBCF5801F37
:108DF00000F106808B4218BF704708BF824270475F
:108E000007D713F5801F58BF11F5801F19D48B4267
:108E100070479B4270471CF5801F08D5BCF5801F2A
:108E2000F7D5994218BF704708BF904270474FF47A
:108E3000001C1CEB430F38BF1CEB410F01D29942C1
:108E400070470FB40CBC03BCFFF7C1BE91EA030F1F
:108E500010B581F000413FF54FAC83F0004300F0C6
:108E6000EFB800002DE9F04101F5801CBCF5001FB2
:108E7000C0F2C3804FEA115C21EA0C510CF1FD0CE9
:108E800041F480115FEA5C0C0CF5C07C01D340001A
:108E900049413DA4890241EA905187028E0E0A0C95
:108EA000A45D04FB04F602FB06F6C6F14046A4FBF3
:108EB0000662F60D46EA422606FB06F4A4FB0123F1
:108EC0005242C3F1404338BF5B1EA6FB024200245E
:108ED000E6FB0324D20B42EA4446A6FB0623A1FB91
:108EE00002E2A3FB07E4A4184FF0000252F10002D3
:108EF000E3FB01426442C2F1404E38BFAEF1010EC5
:108F0000A6FB04234FF00002E6FB0E32A2FB034651
:108F10004FF00004B61954F10004E2FB0264A1FB17
:108F200006E6A4FB07E816EB08064FF0000858F128
:108F30000008E4FB01687642C8F1405838BFA8F148
:108F40000108A2FB06E4A3FB08E52D194FF000047D
:108F500054F10004E2FB0854A1FB05E6A7FB04E87A
:108F600018EB06084FF0000656F10006E1FB0486F8
:108F700018F1200556F10006A809A8F11B08B1094F
:108F800008F03F08B8F10A0F40EA86601CD901EBEF
:108F90000C51BDE8F08100BFFCF5EEE8E2DDD8D36E
:108FA000CFCBC7C3C0BDB9B6B4B1AEACA9A7A5A35A
:108FB000A19F9D9B9A9896959392908F8D8C8B896B
:108FC0008887868584838281A0FB006800FB01F28C
:108FD00008EB4208B8EB872807D5341858EB010492
:108FE000D5D5401C51F10001D1E7341A78EB0104CA
:108FF000CDD4401E71F10001C9E75FEA4C0C5FEA75
:109000009C5C0DD105D34FF0000001F00041BDE89C
:10901000F081BDE8F04170B5FFF78EFE6DDBFFBE5D
:10902000BDE8F0414FF00000004970470000F87FB4
:1090300010B591EA030F48BF83F000433FF55CABE6
:10904000841A71EB030C07D212198CF0004C43EB1D
:109050000C03001B61EB0C01DFF8A4E14FEA115493
:10906000A4EB135C1EEA430F18BF9EEA445F00F0B6
:10907000B08023EA6E03524221EA0451C3EB6E032F
:1090800038BF5B1EDCF1200E25D322FA0CFE10EB5C
:109090000E0043FA0CFE41EB0E01CCF1200E03FA58
:1090A0000EFE10EB0E0051F10001CCF1200E29D480
:1090B00012FA0EF201EB0451BDE8104058BF7047A0
:1090C000401C1CBFB2F1004F704700280CBF491C68
:1090D00020F00100704712EB020E43EB030218BFB1
:1090E0004FF0010E4EEA4202ACF1200CDCF11E0EF4
:1090F00054D943FA0CFE10EB0E0051F1FF31CCF1C4
:109100001E0ED5D50EF1010E12FA0EFE404141EBB6
:10911000010101EB445C5FEA5C5C10D910EBDE708E
:1091200001EB045138BFBEF1004FBDE8104018BF3D
:10913000704700280CBF491C20F00100704730D256
:109140004FEAD42C11F5001124F400641BD0B1FABD
:1091500081F20B3AA41AA41ED2F12003914030FAF6
:1091600003F31943904001EBCC71002C01EB045147
:10917000BDE81040A8BF704701F1C0414FF00000AA
:1091800001F000417047B0FA80F310FA03F100D10A
:1091900010BDE41A173C4805C90AE4E701EB045185
:1091A00010BD491001EB0451BDE810404FEA3000FA
:1091B00002E04FF0000170474A0008BF0042F8D0BB
:1091C000B2F5001F28BF704701F000414FF00000CA
:1091D00070479EEA445F07D011EA5E0FBDE8104079
:1091E00004BF002100207047BDE8104070B5FFF7B4
:1091F000A3FD00BF40DFF63E83F0004110467047FC
:109200000000E0FF43004FEAD30C4FEA3C0C434020
:109210001FBF40070CF1605113F0FE4F70471CF068
:10922000006F03D100200CF0004170470CF00043A8
:1092300043EA507010B540EACC0000F090FA00BF4D
:10924000000000924FEA0001FFF7C4BD4FF000415B
:109250004FF00000A1F500217047000090EA010FD7
:1092600048BF81F0004100F10883421A3CBF801AD8
:1092700089184FEAD0524FF07F4C1CEA410FA2EB05
:10928000D15318BF9CEA026F00F03B804FF0004CB6
:109290004CEA00204CEA012121FA03FC10EB0C0CF3
:1092A0001ED202F1FF325FEA1C2040EBC25038BFF1
:1092B00070471CF07F0F4FEA400C18BFBCF17F4F86
:1092C00038BF7047C3F12003994008BF20F0010068
:1092D000BCF17F4F38BF7047A0F1C04000F085BAA5
:1092E0004FEA3C00000A40EBC25028BF1CF0FF0FC1
:1092F0004FEA400CE6D018BFBCF17F4F38BF704733
:10930000EAE79CEA026F05D010EA5C0F08BF00F0A4
:109310000040704710B500F022FA00BF64FBBE3E6B
:10932000401058BFC0F14040491058BFC1F1404102
:109330008142EFF3008070474FF47F0C1CEAD0129B
:109340001EBF1CEAD11392EA0C0F93EA0C0F00F037
:10935000858090EA010F48BF42F4807240F4000C0F
:1093600041F400002CF07F4120F07F4000B58142A5
:10937000A2EB03020FF2081CACEB504EC0F1000050
:109380009EF800E04FEA4E0E00FB0EFC38BF49008D
:109390004FEA2C1C02F5FA020CFB0EF34FEACE1E2C
:1093A0004FEA112C4FEAC1210EEB635E42EB2242E1
:1093B0000EFB0CFC4FEA1C5300FB03114FEA112C6F
:1093C0004FEA01310EFB0CFC4FEADC4C00FB0C11A8
:1093D000C14228BF09184CEB03335DF804EB10EBD6
:1093E000410143EBC250B2F57C0F38BF704729D51D
:1093F00012F0F00F1CBF00F1C04000F000407047B9
:10940000008182838485868788898B8C8D8E8F915D
:109410009293959697999A9C9D9FA0A2A3A5A7A881
:10942000AAACAEB0B2B3B5B7B9BCBEC0C2C5C7C9AD
:10943000CCCED1D4D7D9DCDFE2E6E9ECF0F3F7FA11
:10944000FE0000004FEA400C0CF1807CBCF17E4F26
:1094500028BF7047B0F1C04000F0C7B990EA010FD3
:109460000CEAD11348BF42F48072624538BF6345AD
:1094700007D213F47F0F16D080EA010000F00040FD
:10948000704710B500F06BF9097EFC3E00F005B89E
:1094900080EA010000F00040704780EA010000F01F
:1094A000004000F0A2B912F47F0F04BF02487047D9
:1094B00080EA010000F099B90000C07F50EA010C79
:1094C00000F113801CF5000F58BFBCF5000F01D44C
:1094D0008842704707D710F5000F58BF11F5000FED
:1094E00015D488427047894270471CF5000F04D597
:1094F000BCF5000FF7D5814270474FF0807C1CEB24
:10950000400F38BF1CEB410F01D28142704710B5AC
:1095100000F025F9922449004FF000504FF080519F
:10952000FFF7FEBE41000B0ED3F19E0208D950F4A6
:1095300000034FEA032323FA02F048BF404270477A
:1095400010B500F00CF900BF49922480002070474C
:109550006FF0004282EA200070470000C10DD1F197
:109560009E0206DB4FEA002343F0004323FA02F099
:109570007047004207D54FEA4001B1F1FE4F02D2D9
:109580004FF00000704710B500F0E9F849922480D0
:10959000002070476FEA20007047000010F0004183
:1095A00048BF4042B0FA80F310FA03F2C3F19D03C2
:1095B0000BD051EAC35101EB1220530638BF70475C
:1095C00000F1010008BF20F001007047B0FA80F3FD
:1095D00010FA03F2C3F19D030AD0D90501EB122062
:1095E000530638BF704700F1010008BF20F00100AA
:1095F0007047000050EA010C00F113801CF5000FC9
:1096000058BFBCF5000F01D48842704707D710F54A
:10961000000F58BF11F5000F15D4884270478942DA
:1096200070471CF5000F04D5BCF5000FF7D581423B
:1096300070474FF0807C1CEB400F38BF1CEB410F94
:1096400001D28142704710B500F089F89224490098
:109650004FF000504FF08051FFF762BE4FF47F0C87
:109660001CEAD0121EBF1CEAD11392EA0C0F93EA37
:109670000C0F00F0478090EA010F48BF42F480725F
:109680004FF0004C4CEA00204CEA012102EB0302AF
:10969000A0FB0113A2F50002002918BF43F001034B
:1096A0005B0028BF4FEA330342EB22425FEA132CF0
:1096B0004CEBC2502EBFBCEB436FB2F57C0F704732
:1096C0004FEA036CBCF1004F08BF20F00100B2F577
:1096D0007C0F38BF70470BD582F0FF0212F5803F38
:1096E000C8BF704700F1C040D8BF00F000407047CD
:1096F00000F5000C5FEA4C0C48BF7047B0F1C04069
:1097000000F073B890EA010F0CEAD11348BF42F49D
:109710008072624538BF634504D280EA010000F0E0
:109720000040704710B500F01AF800BF8900013EF4
:1097300000F007B800F009B85FEA410C5FEA1C6C62
:1097400008D080EA010000F050B85FEA400C5FEA00
:109750001C6CF6D14FF00040A0F5800070470EF170
:10976000020E2EF0030E5EF8044B244204D44FEA9E
:109770004102B2F17F4F11D84FEA4003B3F17F4F5E
:109780000CD80ED14FEAD07CB2F17F4F0CEB4C0CD1
:109790000CF1020C08BF4CEBD17C04E04FF0080C3C
:1097A00001E04FEAD17C0CEB4C0324FA03F404F003
:1097B0000704B4F1040C06D20EEB840CBDE8104093
:1097C0004CF0010C6047DFE80CF0070802024FF094
:1097D0000040A0F5800010BD0846420018BFD2F13D
:1097E000807288BF00F0004010BDFF2141EAD050D8
:1097F000C005704751EA000C00F113801CF5000F02
:1098000058BFBCF5000F01D48142704707D711F54E
:10981000000F58BF10F5000F15D4814270478942E0
:1098200070471CF5000F04D5BCF5000FF7D5884232
:1098300070474FF0807C1CEB410F38BF1CEB400F92
:1098400001D28842704780EA010081EA000180EA83
:109850000100FFF7F8BE80F0004090EA010F7FF5AD
:1098600004AD81F0004100F008B8000090EA010F5B
:1098700048BF81F000413FF5F8AC421A04D882F0AD
:109880000042A0EB020011444FEAD0524FF07F4C4F
:109890001CEA410FA2EBD15318BF9CEA026F4AD0D9
:1098A0004FF0004C4CEA00204CEA012121FA03FC65
:1098B000B0EB0C0C0FD412F0FE0F36D05FEA4C0068
:1098C0001DD5001240EBC25038BF70471CF03F0F4F
:1098D00018BF70470BE0A2F101025FEA1C2040EBC9
:1098E000C25038BF70471CF07F0F18BF7047C3F1DC
:1098F0002003994014BF401E20F0010070478008EB
:109900004FEA122308BF7047B0FA80FCA2EB0C02AA
:10991000CCF1280C60FA0CF093EA122F04BF00EB94
:10992000C25070474FEAC3707047130A5FEADC10F9
:1099300008BF7047F6E79CEA026F04D010EA5C0F9C
:1099400008BF0020704710B5FFF709FF40DFF63E63
:1099500081F0004070470CF00F03092B08BF08206E
:1099600000F059800A2B0BD0082B18BF704708BF96
:109970001CF0400F0AD04FF000004FF0000170477C
:109980001CF0400F18BF4FF0004070471CF0100F44
:1099900008D020F0704300F07F4242EAD3014FEA42
:1099A0004370704700F0604021F07F4242EA0002BD
:1099B00001F07F4040EA727070474FF0FF0C4CF4AA
:1099C000E06C1CEA11531CBF9CEA030C9445C2BF17
:1099D000DA4201EB02517047002B0DD0BCF1000FB1
:1099E0000FD0002A01F00041A4BF41F0E04141F056
:1099F0007F614FF00000704701F000414FF0000020
:109A0000704750EA01334FF09B0C18BF4CF0806C4C
:109A10007EF412AF70471CF4801F11D01CF4E02FAD
:109A200003D06FEACC31490070474FF04050EFF35C
:109A3000008222F0704242EA000282F300887047FE
:109A40004FF000007047000075191A0C6A231B1CA8
:109A500000001F207274433B4138393A006B6C3769
:109A60006F06246D6E70D000000476005401F7FD7F
:109A70000001000083000000000800000001001841
:109A800032000500000020410000D242CDCC4C3E07
:109A90009A99993E3333733FCDCC4C3E0000700011
:109AA00000000024000000020003000000650054D4
:109AB000FFEF0000FA80000B12820001030C30C39C
:109AC0000E8C8CE914D5400213710F8E3883F88305
:109AD0003000F883258EF8833000F883FFFFFFFF06
:109AE0000FFEA9D6240004001A8279A10000003CD0
:109AF000FFFF00000010000038836FA2003E03301B
:109B00004000000002CAE3093E800000200000007F
:109B1000000000004000000060000000000C000099
:109B2000000C186E000006920A16C0DFFFFF0256F6
:109B3000FD8CD377FFE1C496E0C5BEAA000000000B
:109B4000FFFF0B2B000016570000035940000000D8
:109B500000001DFA00026C1D000000003FFFDFEB5B
:109B6000003EB3B6000D227800002F3C000000003C
:109B7000001942B5000039A20000B365D90E9FC993
:109B80001DCF4C3430000000500000003BB67AE896
:109B90000064000000C80000000000001000000089
:109BA0001000FA921000225E000D229F00010000BA
:109BB00000320000FF46000063D4000010000000E7
:109BC00004D6000004CC000004CC00000000107299
:109BD000000000400000000000000000000600023D
:109BE0000005000700000000006400000000000005
:109BF00000000005000500640020000000000000D7
:109C000000000000000040000000030000000032DF
:109C1000F8980000FF650000830F0000FF9BFC0028
:109C20000000000000000000000000000000000034
:109C30000000000000000000000000000000000024
:109C400000000000000000000000100040000000C4
:109C5000000000060000B26A000200000001FB8361
:109C60000068000000D9FC007CF1FF8300000000C8
:109C700000650000006403E800640028000000257F
:109C80000000000016A000000000100000001000FE
:109C9000002F0000000001F4000010000028000068
:109CA000FFFF4581FFFFFA72000000000000000086
:109CB000004400050005BAC6004778A20000000174
:109CC0000000000000000600000000140000254D08
:109CD000002F706D000005AE000C02D000000000E7
:109CE000000000000000000000000000001B000059
:109CF0000000000000000000000000000064000000
:109D0000000800000000000000000000000000004B
:109D10000000000000000000000000000000000043
:109D20000000000000000000000000000000000033
:109D30000000000000000000000000000000000023
:109D40000000000000000000000000000000000013
:109D5000000000000000000000000000001B0000E8
:109D60000000000000000000000E000E00000AC706
:109D70000004000000000032FFFFFF9C00000B2BDE
:109D8000000000020000000100000064FFE5000088
:109D900000000000000000000000000000000001C2
:109DA0000000000000010000000000000001800031
:109DB0000001800000018000002426D30000000084
:109DC00000000000000600100096003C00000000AB
:109DD0000000000000000000000000000C0A4E68B7
:109DE000CDCF770950166759C619CE820000000002
:109DF0000000000000000000000000000000000063
:109E00000000000017D784000300000000000000DD
:109E100000000000C7938F9D1E1B1C19000000004E
:109E20000000000000000000000000000000000032
:109E3000000000000203188500004000000000033D
:109E400000000003000000000000000040000000CF
:109E50000000000000000000000000000000000002
:109E600000000000000000000000000000000000F2
:109E700000000000000000000000000000000000E2
:109E8000677DDF7E72902E554CF6E688000000005C
:109E9000000000000000000000000000D8DCB4B8A2
:109EA000B0D8B9ABF3F8FAB3B7BB8E9EAEF132F5CA
:109EB0001BF1B4B8B08097F1A9DFDFDFAADFDFDFE5
:109EC000F2AAC5CDC7A90CC92C97F1A98926466667
:109ED000B28999A92D557DB0B08AA896365676F1EB
:109EE000BAA3B4B280C0B8A89711B28398BAA3F04D
:109EF000240844106418B2B9B49883F1A329557D9D
:109F0000BAB5B1A38393F0002850F5B2B6AA8393F3
:109F100028547CF1B9A3829361BAA2DADEDFDB8137
:109F20009AB9AEF5606870F1DABAA2DFD9BAA2FACE
:109F3000B9A38292DB31BAA2D9BAA2F8DF85A4D044
:109F4000C1BBAD83C2C5C7B8A2DFDFDFBAA0DFDF08
:109F5000DFD8D8F1B8AAB38DB4980D355DB2B6BAD2
:109F6000AF8C96198F9FA70E161EB49AB8AA872C8D
:109F7000547CBAA4B08AB691325676B28494A4C8FE
:109F800008CDD8B8B4B0F19982A82D557D98A80E07
:109F9000161EA22C547C92A4F02C5078F184A89820
:109FA000C4CDFCD80DDBA8FC2DF3D9BAA6F8DABADB
:109FB000A6DED8BAB2B68696A6D0F3C841DAA6C84D
:109FC000F8D8B0B4B882A892F52C548898F135D955
:109FD000F418D8F1A2D0F8F9A884D9C7DFF8F8832B
:109FE000C5DADF69DF83C1D8F40114F1A8824EA875
:109FF00084F311D182F5D992289788F109F41C1CB9
:10A00000D884A8F3C0F9D1D99782F129F40DD8F3F7
:10A01000F9F9D1D982F4C203D8DEDF1AD8F1A2FA55
:10A02000F9A88498D9C7DFF8F8F883C7DADF69DFC1
:10A03000F883C3D8F40114F198A8822EA884F311F0
:10A04000D182F5D992509788F109F41CD884A8F3ED
:10A05000C0F8F9D1D99782F149F40DD8F3F9F9D1C3
:10A06000D982F4C403D8DEDFD8F1AD8898CCA80932
:10A07000F9D98292A8F57CF1883ACF944A6E98DBA0
:10A080006931DAADF2DEF9D88795A8F221D1DAA5E7
:10A09000F9F417D9F1AE8ED0C0C3AE82C684C3A87E
:10A0A0008595C8A588F2C0F1F4010EF18E9EA8C670
:10A0B0003E56F554F18872F40115F19845856EF518
:10A0C0008E9E0488F142985A8E9E068869F4011C7F
:10A0D000F1981E1108D0F504F11E9702029836255A
:10A0E000DBF9D985A5F3C1DA85A5F3DFD88595A875
:10A0F000F309DAA5FAD88292A8F578F1881A849F34
:10A1000026889821DAF41DF3D8879F39D1AFD9DF9B
:10A11000DFFBF9F40CF3D8FAD0F8DAF9F9D0DFD98B
:10A12000F9D8F40BD8F3879F39D1AFD9DFDFF41D0D
:10A13000F3D8FAFCA869F9F9AFD0DADEFAD9F88FCA
:10A140009FA8F1CCF398DB45D9AFDFD0F8D8F18FD9
:10A150009FA8CAF38809DAAF8FCBF8D8F2AD978DF4
:10A160000CD9A5DFF9BAA6F3FAF412F2D8950DD1FD
:10A17000D9BAA6F3FADAA5F2C1BAA6F3DFD8F1BAD2
:10A18000B2B68696A6D0CAF349DAA6CBF8D8B0B450
:10A19000B8D8AD84F2C0DFF18FCBC3A8B2B6869633
:10A1A000C8C1CBC3F3B0B48898A821DB718D9D7171
:10A1B000859521D9ADF2FAD88597A828D9F408D881
:10A1C000F28D29DAF405D9F285A4C2F2D8A88D94CB
:10A1D00001D1D9F411F2D88721D8F40AD8F28498A1
:10A1E000A8C801D1D9F411D8F3A4C8BBAFD0F2DE0E
:10A1F000F8F8F8F8F8F8F8F8D8F1B8F6B5B9B08A80
:10A2000095A3DE3CA3D9F8D85CA3D9F8D87CA3D910
:10A21000F8D8F8F9D1A5D9DFDAFAD8B18530F7D96D
:10A22000DED8F830ADDADED8F2B48C99A32D557DA6
:10A23000A083DFDFDFB591A0F629D9FBD8A0FC29E8
:10A24000D9FAD8A0D051D9F8D8FC51D9F9D879D9B0
:10A25000FBD8A0D0FC79D9FAD8A1F9F9F9F9F9A07D
:10A26000DADFDFDFD8A1F8F8F8F8F8ACDEF8ADDE19
:10A270008393AC2C547CF1A8DFDFDFF69D2CDAA0B1
:10A28000DFD9FADB2DF8D8A850DAA0D0DED9D0F883
:10A29000F8F8DB55F8D8A878DAA0D0DFD9D0FAF8EA
:10A2A000F8F8F8DB7DF8D89CA88CF530DB38D9D0ED
:10A2B000DEDFA0D0DEDFD8A848DB58D9DFD0DEA0B3
:10A2C000DFD0DED8A868DB70D9DFDFA0DFDFD8F110
:10A2D000A888902C547C98A8D05C38D1DAF2AE8C47
:10A2E000DFF9D8B087A8C1C1B188A8C6F9F9DA36B4
:10A2F000D8A8F9DA36D8A8F9DA36D8A8F9DA36D8EB
:10A30000A8F9DA36D8F78D9DADF818DAF2AEDFD8B5
:10A31000F7ADFA30D9A4DEF9D8F2AEDEFAF983A7A8
:10A32000D9C3C5C7F1889BA77AADF7DEDFA4F8844F
:10A330009408A797F300AEF29819A488C6A394884E
:10A34000F632DFF28393DB09D9F2AADFD8D8AEF870
:10A35000F9D1DAF3A4DEA7F1889B7AD8F38494AE1E
:10A3600019F9DAAAF1DFD8A881C0C3C5C7A39283BF
:10A37000F628ADDED9F8D8A350ADD9F8D8A378AD7A
:10A38000D9F8D8F8F9D1A1DADEC3C5C7D8A181942C
:10A39000F818F2B089ACC3C5C7F1D8B8B4B0978685
:10A3A000A8319B069907AB9728889BF00C20144096
:10A3B000B0B4B8F0A88A9A285078B79BA8295179E8
:10A3C000247059446938644831F1BBAB88002C547F
:10A3D0007CF0B38BB8A804285078F1B088B49726E5
:10A3E000A85998BBABB38B02264666B0B8F08A9CDE
:10A3F000A82951798B2951798A2470598B20587159
:10A400008A4469388B3940688A6448318B304960A6
:10A4100088F1AC002C547CF08CA804285078F1888A
:10A420009726A85998AC8C02264666F0899CA829E4
:10A430005179247059446938644831A988092059F0
:10A4400070AB11384069A8193148608CA83C415C58
:10A45000207C00F187981986A86E767EA999882DB0
:10A46000557DD8B1B5B9A3DFDFDFAED0DFAAD0DE2E
:10A47000F2ABF8F9D9B087C4AAF1DFDFBBAFDFDFF9
:10A48000B9D8B1F1A3978E60DFB084F2C8F8F9D9DA
:10A49000DED89385F14AB183A308B5839A0810B733
:10A4A0009F10D8F1B0BAAEB08AC2B2B68E9EF1FBA0
:10A4B000D9F41DD8F9D90CF1D8F8F8AD61D9AEFBB3
:10A4C000D8F40CF1D8F8F8AD19D9AEFBDFD8F416F2
:10A4D000F1D8F8AD8D61D9F4F4ACF59C9C8DDF2BEF
:10A4E000BAB6AEFAF8F40BD8F1AED0F8AD51DAAE98
:10A4F000FAF8F1D8B9B1B6A3839C08B9B1839AB57B
:10A50000AAC0FD3083B79F10B58B93F20202D1AB86
:10A51000DADED8F1B080BAABC0C3B284C1C3D8B15F
:10A52000B9F38BA391B609B4D9ABDEB0879CB9A3BC
:10A53000DDF1B38B8B8B8B8BB087A3A3A3A3B28BE3
:10A54000B69BF2A3A3A3A3A3A3A3A3A3A3F1B08742
:10A55000B59AA3F39BA3A3DCBAACDFB9A3A3A3A3CF
:10A56000A3A3A3A3A3A3A3A3A3A3A3A3D8D8D8BB04
:10A57000B3B7F1AAF9DAFFD9809AAA28B48098A7CC
:10A5800020B79787A86688F07951F1902C870CA79F
:10A5900081976293F071716085940129517990A53A
:10A5A000F1284C6C870C95188578A38390284C6C07
:10A5B000886CD8F3A28200F210A8921980A2F2D976
:10A5C00026D8F188A84DD948D896A83980D93CD842
:10A5D0009580A839A68698D92CDA87A72CD8A8897F
:10A5E0009519A980D938D8A88939A980DA3CD8A882
:10A5F0002EA83990D90CD8A8953198D90CD8A8098B
:10A60000D9FFD801DAFFD89539A9DA26FFD890A862
:10A610000D8999A810809821DA2ED88999A83180BF
:10A62000DA2ED8A886963180DA2ED8A8873180DA3B
:10A630002ED8A88292F34180F1D92ED8A882F3199E
:10A6400080F1D92ED882ACF3C0A28022F1A62EA729
:10A650002EA92298A829DAACDEFFD8A2F22AF1A905
:10A660002E8292A8F23180A696F1D900AC8C9C0C77
:10A6700030ACDED0DEFFD88C9CACD010ACDE80924B
:10A68000A2F24C82A8F1CAF235F19688A6D900D878
:10A69000F1FF0000FCA9000800000000000000001D
:10A6A0000000000000000000000200001800000090
:10A6B000000000000000000060A900080000000089
:10A6C0000000000000000000000000000004000086
:10A6D00028000000000000000000000010AA000890
:10A6E000000000000000000000000000000000006A
:10A6F0000008000030000000000000000000000022
:10A7000008AA00080000000000000000000000008F
:10A71000000000000004000028000000000000000D
:10A720000000000028A90008000000000000000050
:10A730000000000000000000000000004CA900081C
:10A740000000000000000000000000000000000009
:10A750000000000070A900080000000000000000D8
:10A7600000000000000000000000000084A90008B4
:10A7700000000000000000000000000000000000D9
:10A780000000000098A90008000000000000000080
:10A79000000000000000000000000000ACA900085C
:10A7A00000000000000000000000000000000000A9
:10A7B00000000000C0A90008000000000000000028
:10A7C000000000000000000000000000D4A9000804
:10A7D0000000000000000000000000000000000079
:10A7E00000000000E8A900080000000000000000D0
:10A7F0000000000000000000000000003CA900086C
:10A80000000000000000000000000000020304053A
:10A81000060708090A0B0C0D0E0F101001020000AC
:10A820000000000000000102030406070809000000
:10A830000000010203040000555555555555C53F0C
:10A840007D6FEB0312D6D4BF5544880E55C1C93F66
:10A850003B8F68B52882A4BF88B20175E0EF493FFD
:10A8600009F7FD0DE13D023F4B2D8A1C273A03C03D
:10A87000C88A599CE52A004059018D1B6C06E6BF29
:10A8800082922EB1C5B8B33F4FBB610567ACDD3FC7
:10A89000182D4454FB21E93F9BF681D20B73EF3F07
:10A8A000182D4454FB21F93FE2652F227F2B7A3C7F
:10A8B000075C143326A6813CBDCBF07A8807703C38
:10A8C000075C143326A6913CC4EB98999999C9BFAB
:10A8D000711623FEC671BCBF6D9A74AFF2B0B3BFE0
:10A8E0009AFDDE522DDEADBF2F6C6A2C44B4A2BFA0
:10A8F0000D5555555555D53FFF8300922449C23F0C
:10A900006E204CC5CD45B73F513DD0A0660DB13F3F
:10A91000EB0D76244B7BA93F11DA22E33AAD903F51
:10A9200000000000000000004D505579617744613F
:10A930007461517565756530310000006D70755238
:10A9400065616454696D6572303100004D6F746FDC
:10A9500072415370656564517565756530320000EC
:10A960004D5055363035305461736B303200000035
:10A970004D6F746F7242537065656451756575658E
:10A98000303300004D6F746F7243537065656451CE
:10A9900075657565303400004D6F746F7244537087
:10A9A0006565645175657565303500004D6F746F70
:10A9B0007241506F736951756575653037000000DD
:10A9C0004D6F746F7242506F736951756575653064
:10A9D000370000004D6F746F7243506F736951758B
:10A9E00065756530380000004D6F746F7244506FAC
:10A9F000736951756575653039000000646566617D
:10AA0000756C745461736B007073327461736B0096
:10AA100050494463616C63756C6174655461730083
:10AA200040AA000800000020BC0100002801000826
:10AA3000A4AA0008BC0100204C37000084010008D3
:10AA400013489A1B08660401201A742432FF290453
:10AA500072011E3333B33F900D14014201120212F2
:10AA6000031204120512061A074D1209120A120BDC
:10AA7000120C120D120E120F321085CDCCCC3EA945
:10AA80000CA56666663F0B2A20410C6988012829BF
:10AA900030092E34011029CC39440375127A1AAAD0
:04AAA0000181000030
:04000005080000ED02
:00000001FF
